Kravaře,Kouty,Hlučínská,2103,116,a
Kravaře,Dvořisko,Ivana Kubince,2,17,
Kravaře,Dvořisko,Ivana Kubince,3,13,
Kravaře,Dvořisko,Ivana Kubince,5,9,
Kravaře,Dvořisko,Ivana Kubince,6,7,
Kravaře,Dvořisko,Ivana Kubince,7,12,
Kravaře,Dvořisko,Ivana Kubince,8,5,
Kravaře,Dvořisko,Michalská,9,1,
Kravaře,Dvořisko,Michalská,10,3,
Kravaře,Dvořisko,Ludmily Hořké,11,3,
Kravaře,Dvořisko,Michalská,12,5,
Kravaře,Dvořisko,Michalská,13,7,
Kravaře,Dvořisko,Michalská,14,4,
Kravaře,Dvořisko,Michalská,15,2,
Kravaře,Dvořisko,Ivana Kubince,16,20,
Kravaře,Dvořisko,Ivana Kubince,17,34,
Kravaře,Dvořisko,Ivana Kubince,18,18,
Kravaře,Dvořisko,Ivana Kubince,19,16,
Kravaře,Dvořisko,Ivana Kubince,20,14,
Kravaře,Dvořisko,Ivana Kubince,21,10,
Kravaře,Dvořisko,Ivana Kubince,23,6,
Kravaře,Dvořisko,Ivana Kubince,24,4,
Kravaře,Dvořisko,Ivana Kubince,25,2,
Kravaře,Dvořisko,Ivana Kubince,26,3,
Kravaře,Dvořisko,Ludmily Hořké,27,7,
Kravaře,Dvořisko,Ludmily Hořké,28,9,
Kravaře,Dvořisko,Ludmily Hořké,32,2,
Kravaře,Dvořisko,Ludmily Hořké,33,12,
Kravaře,Dvořisko,Ludmily Hořké,34,14,
Kravaře,Dvořisko,Ludmily Hořké,35,5,
Kravaře,Dvořisko,Ludmily Hořké,37,1,
Kravaře,Dvořisko,Ivana Kubince,38,32,
Kravaře,Dvořisko,Ludmily Hořké,39,4,
Kravaře,Dvořisko,Ludmily Hořké,40,6,
Kravaře,Dvořisko,Ludmily Hořké,41,19,
Kravaře,Dvořisko,Ivana Kubince,42,21,
Kravaře,Dvořisko,Ivana Kubince,43,26,
Kravaře,Dvořisko,Ludmily Hořké,44,17,
Kravaře,Dvořisko,Ivana Kubince,45,28,
Kravaře,Dvořisko,Ivana Kubince,46,24,
Kravaře,Dvořisko,Ivana Kubince,47,30,
Kravaře,Dvořisko,Ivana Kubince,48,36,
Kravaře,Dvořisko,Ivana Kubince,49,38,
Kravaře,Dvořisko,Příčná,50,1,
Kravaře,Dvořisko,Ivana Kubince,51,46,
Kravaře,Dvořisko,Ivana Kubince,52,25,
Kravaře,Dvořisko,Ludmily Hořké,53,34,
Kravaře,Dvořisko,Ludmily Hořké,54,36,
Kravaře,Dvořisko,Na Dolinkách,55,4,
Kravaře,Dvořisko,Ludmily Hořké,57,38,
Kravaře,Dvořisko,Ludmily Hořké,58,40,
Kravaře,Dvořisko,Velké dolinky,59,3,
Kravaře,Dvořisko,Na Dolinkách,60,5,
Kravaře,Dvořisko,Na Dolinkách,61,7,
Kravaře,Dvořisko,Ivana Kubince,62,40,
Kravaře,Dvořisko,Ivana Kubince,63,44,
Kravaře,Dvořisko,Na Dolinkách,64,2,
Kravaře,Dvořisko,Ludmily Hořké,65,21,
Kravaře,Dvořisko,Ludmily Hořké,66,15,
Kravaře,Dvořisko,Na Dolinkách,67,6,
Kravaře,Dvořisko,Ivana Kubince,68,42,
Kravaře,Dvořisko,Ludmily Hořké,69,18,
Kravaře,Dvořisko,Ludmily Hořké,70,16,
Kravaře,Dvořisko,Ludmily Hořké,71,20,
Kravaře,Dvořisko,Ludmily Hořké,73,24,
Kravaře,Dvořisko,Ludmily Hořké,74,26,
Kravaře,Dvořisko,Příčná,75,2,
Kravaře,Dvořisko,Na Dolinkách,76,3,
Kravaře,Dvořisko,Velké dolinky,77,1,
Kravaře,Dvořisko,Ludmily Hořké,78,22,
Kravaře,Dvořisko,Velké dolinky,79,2,
Kravaře,Dvořisko,Ludmily Hořké,80,10,
Kravaře,Dvořisko,Ivana Kubince,81,1,
Kravaře,Dvořisko,Ivana Kubince,82,19,
Kravaře,Dvořisko,Ivana Kubince,83,23,
Kravaře,Dvořisko,Ludmily Hořké,84,28,
Kravaře,Dvořisko,Ludmily Hořké,85,32,
Kravaře,Dvořisko,Na Dolinkách,1586,2,a
Kravaře,Dvořisko,Ludmily Hořké,1587,11,a
Kravaře,Dvořisko,Ivana Kubince,1588,9,a
Kravaře,Dvořisko,Ivana Kubince,1589,34,a
Kravaře,Dvořisko,U Výspy,1590,2,
Kravaře,Dvořisko,U Výspy,1591,3,
Kravaře,Dvořisko,U Výspy,1592,1,
Kravaře,Dvořisko,Ludmily Hořké,1593,30,
Kravaře,Dvořisko,Ivana Kubince,1594,15,a
Kravaře,Dvořisko,Příčná,1595,1,a
Kravaře,Dvořisko,Ludmily Hořké,1596,6,a
Kravaře,Dvořisko,Ivana Kubince,1597,27,
Kravaře,Dvořisko,Ludmily Hořké,1598,11,
Kravaře,Dvořisko,Na Dolinkách,1599,1,a
Kravaře,Dvořisko,Ludmily Hořké,1600,17,a
Kravaře,Dvořisko,Ivana Kubince,1601,23,a
Kravaře,Dvořisko,,36,,
Kravaře,Kouty,Hlučínská,2,248,
Kravaře,Kouty,Hlučínská,3,246,
Kravaře,Kouty,Hlučínská,4,244,
Kravaře,Kouty,Hlučínská,5,242,
Kravaře,Kouty,Hlučínská,6,240,
Kravaře,Kouty,Hlučínská,8,236,
Kravaře,Kouty,Hlučínská,9,234,
Kravaře,Kouty,Hlučínská,10,232,
Kravaře,Kouty,Hlučínská,11,230,
Kravaře,Kouty,Hlučínská,12,228,
Kravaře,Kouty,Hlučínská,13,226,
Kravaře,Kouty,Záhumenní,15,4,
Kravaře,Kouty,Hlučínská,16,220,
Kravaře,Kouty,Hlučínská,17,218,
Kravaře,Kouty,Hlučínská,18,216,
Kravaře,Kouty,Hlučínská,20,212,
Kravaře,Kouty,Hlučínská,21,210,
Kravaře,Kouty,Hlučínská,23,206,
Kravaře,Kouty,Hlučínská,24,204,
Kravaře,Kouty,Hlučínská,27,198,
Kravaře,Kouty,Hlučínská,28,196,
Kravaře,Kouty,Hlučínská,31,190,
Kravaře,Kouty,Hlučínská,32,188,
Kravaře,Kouty,Hlučínská,33,186,
Kravaře,Kouty,Hlučínská,34,184,
Kravaře,Kouty,Hlučínská,35,182,
Kravaře,Kouty,Hlučínská,36,180,
Kravaře,Kouty,Hlučínská,38,176,
Kravaře,Kouty,Hlučínská,39,174,
Kravaře,Kouty,Hlučínská,40,172,
Kravaře,Kouty,Hlučínská,42,168,
Kravaře,Kouty,Hlučínská,44,164,
Kravaře,Kouty,Hlučínská,45,162,
Kravaře,Kouty,Hlučínská,47,158,
Kravaře,Kouty,Hlučínská,48,156,
Kravaře,Kouty,Hlučínská,49,154,
Kravaře,Kouty,Hlučínská,50,152,
Kravaře,Kouty,Hlučínská,51,150,
Kravaře,Kouty,Hlučínská,52,148,
Kravaře,Kouty,Hlučínská,53,146,
Kravaře,Kouty,Hlučínská,54,144,
Kravaře,Kouty,Hlučínská,55,142,
Kravaře,Kouty,Hlučínská,56,140,
Kravaře,Kouty,Hlučínská,57,138,
Kravaře,Kouty,Hlučínská,58,136,
Kravaře,Kouty,Hlučínská,59,134,
Kravaře,Kouty,Hlučínská,60,132,
Kravaře,Kouty,Hlučínská,61,130,
Kravaře,Kouty,Hlučínská,62,128,
Kravaře,Kouty,Hlučínská,2067,126,
Kravaře,Kouty,Hlučínská,64,124,
Kravaře,Kouty,Hlučínská,65,122,
Kravaře,Kouty,kolní,66,1,
Kravaře,Kouty,kolní,67,3,
Kravaře,Kouty,kolní,69,7,
Kravaře,Kouty,kolní,72,13,
Kravaře,Kouty,kolní,73,15,
Kravaře,Kouty,kolní,74,17,
Kravaře,Kouty,kolní,75,19,
Kravaře,Kouty,kolní,76,21,
Kravaře,Kouty,kolní,77,23,
Kravaře,Kouty,kolní,78,25,
Kravaře,Kouty,Sadová,79,2,
Kravaře,Kouty,kolní,80,18,
Kravaře,Kouty,kolní,81,16,
Kravaře,Kouty,kolní,84,12,
Kravaře,Kouty,kolní,86,6,
Kravaře,Kouty,kolní,87,4,
Kravaře,Kouty,kolní,88,2,
Kravaře,Kouty,Hlučínská,90,118,
Kravaře,Kouty,Hlučínská,91,116,
Kravaře,Kouty,Hlučínská,93,112,
Kravaře,Kouty,Bolatická,94,1,
Kravaře,Kouty,Bolatická,95,3,
Kravaře,Kouty,Bolatická,96,5,
Kravaře,Kouty,Bolatická,97,9,
Kravaře,Kouty,Bolatická,98,11,
Kravaře,Kouty,Bolatická,99,13,
Kravaře,Kouty,Bolatická,100,15,
Kravaře,Kouty,Bolatická,102,19,
Kravaře,Kouty,Bolatická,104,23,
Kravaře,Kouty,Bolatická,105,25,
Kravaře,Kouty,Bolatická,106,27,
Kravaře,Kouty,Bolatická,108,16,
Kravaře,Kouty,Bolatická,109,14,
Kravaře,Kouty,Bolatická,110,8,
Kravaře,Kouty,Bolatická,111,6,
Kravaře,Kouty,Bolatická,112,4,
Kravaře,Kouty,Hlučínská,113,110,
Kravaře,Kouty,Hlučínská,114,108,
Kravaře,Kouty,Hlučínská,115,106,
Kravaře,Kouty,Hlučínská,119,98,
Kravaře,Kouty,Hlučínská,122,92,
Kravaře,Kouty,Hlučínská,123,90,
Kravaře,Kouty,Hlučínská,125,84,
Kravaře,Kouty,Hlučínská,126,82,
Kravaře,Kouty,Hlučínská,127,80,
Kravaře,Kouty,Hlučínská,128,78,
Kravaře,Kouty,Hlučínská,129,76,
Kravaře,Kouty,Hlučínská,131,72,
Kravaře,Kouty,Hlučínská,132,70,
Kravaře,Kouty,Hlučínská,133,68,
Kravaře,Kouty,Hlučínská,134,66,
Kravaře,Kouty,Hlučínská,135,64,
Kravaře,Kouty,Hlučínská,136,62,
Kravaře,Kouty,Hlučínská,138,58,
Kravaře,Kouty,Hlučínská,139,56,
Kravaře,Kouty,Hlučínská,140,54,
Kravaře,Kouty,Hlučínská,141,52,
Kravaře,Kouty,Hlučínská,142,50,
Kravaře,Kouty,Hlučínská,143,48,
Kravaře,Kouty,Hlučínská,144,46,
Kravaře,Kouty,Hlučínská,145,44,
Kravaře,Kouty,Hlučínská,146,42,
Kravaře,Kouty,Hlučínská,147,40,
Kravaře,Kouty,Hlučínská,148,38,
Kravaře,Kouty,Hlučínská,149,36,
Kravaře,Kouty,Hlučínská,150,34,
Kravaře,Kouty,Hlučínská,151,32,
Kravaře,Kouty,Hlučínská,152,30,
Kravaře,Kouty,Hlučínská,153,28,
Kravaře,Kouty,Hlučínská,155,24,
Kravaře,Kouty,Hlučínská,156,22,
Kravaře,Kouty,Hlučínská,157,20,
Kravaře,Kouty,Hlučínská,158,18,
Kravaře,Kouty,Hlučínská,159,16,
Kravaře,Kouty,Hlučínská,160,14,
Kravaře,Kouty,Hlučínská,161,12,
Kravaře,Kouty,Hlučínská,162,10,
Kravaře,Kouty,Hlučínská,163,8,
Kravaře,Kouty,Hlučínská,164,6,
Kravaře,Kouty,Hlučínská,165,4,
Kravaře,Kouty,Hlučínská,166,2,
Kravaře,Kouty,Hlučínská,167,1,
Kravaře,Kouty,Hlučínská,168,5,
Kravaře,Kouty,Hlučínská,169,9,
Kravaře,Kouty,Hlučínská,170,11,
Kravaře,Kouty,Olšinky,173,15,
Kravaře,Kouty,Olšinky,174,17,
Kravaře,Kouty,Olšinky,175,21,
Kravaře,Kouty,Olšinky,176,20,
Kravaře,Kouty,Olšinky,177,18,
Kravaře,Kouty,Olšinky,178,10,
Kravaře,Kouty,Olšinky,179,8,
Kravaře,Kouty,Olšinky,180,6,
Kravaře,Kouty,Hlučínská,182,41,
Kravaře,Kouty,Hlučínská,183,43,
Kravaře,Kouty,Hlučínská,184,45,
Kravaře,Kouty,Hlučínská,185,47,
Kravaře,Kouty,Hlučínská,186,49,
Kravaře,Kouty,Hlučínská,187,51,
Kravaře,Kouty,Hlučínská,188,53,
Kravaře,Kouty,Hlučínská,189,55,
Kravaře,Kouty,Hlučínská,190,57,
Kravaře,Kouty,Hlučínská,191,59,
Kravaře,Kouty,Hlučínská,192,61,
Kravaře,Kouty,Hlučínská,193,63,
Kravaře,Kouty,Hlučínská,194,65,
Kravaře,Kouty,Hlučínská,195,67,
Kravaře,Kouty,Hlučínská,196,69,
Kravaře,Kouty,Hlučínská,197,71,
Kravaře,Kouty,Hlučínská,198,73,
Kravaře,Kouty,Hlučínská,199,75,
Kravaře,Kouty,Hlučínská,200,77,
Kravaře,Kouty,Hlučínská,201,79,
Kravaře,Kouty,Hlučínská,203,83,
Kravaře,Kouty,Hlučínská,204,85,
Kravaře,Kouty,Hlučínská,206,89,
Kravaře,Kouty,Hlučínská,207,91,
Kravaře,Kouty,Hlučínská,209,95,
Kravaře,Kouty,Hlučínská,211,99,
Kravaře,Kouty,Hlučínská,212,101,
Kravaře,Kouty,Hlučínská,214,105,
Kravaře,Kouty,Hlučínská,215,107,
Kravaře,Kouty,Hlučínská,217,111,
Kravaře,Kouty,Hlučínská,218,113,
Kravaře,Kouty,Hlučínská,219,115,
Kravaře,Kouty,Hlučínská,220,117,
Kravaře,Kouty,Hlučínská,221,119,
Kravaře,Kouty,Hlučínská,222,121,
Kravaře,Kouty,Hlučínská,223,123,
Kravaře,Kouty,Hlučínská,224,125,
Kravaře,Kouty,Hlučínská,225,127,
Kravaře,Kouty,Hlučínská,226,129,
Kravaře,Kouty,Hlučínská,227,131,
Kravaře,Kouty,Hlučínská,228,133,
Kravaře,Kouty,Hlučínská,229,135,
Kravaře,Kouty,Skřivančí,230,139,
Kravaře,Kouty,Skřivančí,233,143,
Kravaře,Kouty,Skřivančí,234,145,
Kravaře,Kouty,Skřivančí,236,149,
Kravaře,Kouty,Hlučínská,237,151,
Kravaře,Kouty,Hlučínská,238,153,
Kravaře,Kouty,Hlučínská,239,155,
Kravaře,Kouty,Hlučínská,240,157,
Kravaře,Kouty,Hlučínská,241,159,
Kravaře,Kouty,Hlučínská,242,161,
Kravaře,Kouty,Hlučínská,244,165,
Kravaře,Kouty,Hlučínská,245,167,
Kravaře,Kouty,Hlučínská,247,171,
Kravaře,Kouty,Hlučínská,249,175,
Kravaře,Kouty,Hlučínská,250,177,
Kravaře,Kouty,Hlučínská,252,181,
Kravaře,Kouty,Hlučínská,253,183,
Kravaře,Kouty,Hlučínská,254,185,
Kravaře,Kouty,Hlučínská,255,187,
Kravaře,Kouty,Hlučínská,256,189,
Kravaře,Kouty,Hlučínská,257,191,
Kravaře,Kouty,Hlučínská,260,197,
Kravaře,Kouty,Hlučínská,261,199,
Kravaře,Kouty,Hlučínská,262,201,
Kravaře,Kouty,Hlučínská,263,203,
Kravaře,Kouty,Hlučínská,265,207,
Kravaře,Kouty,Hlučínská,266,209,
Kravaře,Kouty,Hlučínská,267,211,
Kravaře,Kouty,Hlučínská,268,213,
Kravaře,Kouty,Hlučínská,269,215,
Kravaře,Kouty,Hlučínská,270,217,
Kravaře,Kouty,Hlučínská,271,219,
Kravaře,Kouty,Hlučínská,272,221,
Kravaře,Kouty,Hlučínská,273,223,
Kravaře,Kouty,Hlučínská,275,231,
Kravaře,Kouty,Kašpara Peterka,276,235,
Kravaře,Kouty,Kašpara Peterka,278,239,
Kravaře,Kouty,Kašpara Peterka,279,241,
Kravaře,Kouty,Nábření,280,156,
Kravaře,Kouty,Hraniční,282,19,
Kravaře,Kouty,Kašpara Peterka,283,249,
Kravaře,Kouty,Kašpara Peterka,284,251,
Kravaře,Kouty,Kašpara Peterka,285,255,
Kravaře,Kouty,Hlučínská,286,257,
Kravaře,Kouty,Hlučínská,287,259,
Kravaře,Kouty,Hlučínská,288,261,
Kravaře,Kouty,Hlučínská,289,263,a
Kravaře,Kouty,Hlučínská,291,267,
Kravaře,Kouty,Hlučínská,292,269,
Kravaře,Kouty,Hlučínská,293,273,
Kravaře,Kouty,Hlučínská,294,275,
Kravaře,Kouty,Hlučínská,295,277,
Kravaře,Kouty,Hraniční,296,1,
Kravaře,Kouty,Hraniční,300,9,
Kravaře,Kouty,Hraniční,303,13,
Kravaře,Kouty,Hraniční,304,15,
Kravaře,Kouty,Hraniční,305,17,
Kravaře,Kouty,Kostelní,306,43,
Kravaře,Kouty,Kostelní,307,45,
Kravaře,Kouty,Kostelní,308,85,
Kravaře,Kouty,Kostelní,309,40,
Kravaře,Kouty,Kostelní,310,44,
Kravaře,Kouty,Kostelní,311,46,
Kravaře,Kouty,Kašpara Peterka,314,253,
Kravaře,Kouty,Kostelní,316,58,
Kravaře,Kouty,Hlučínská,317,271,
Kravaře,Kouty,Olšinky,318,5,
Kravaře,Kouty,Hlučínská,319,7,
Kravaře,Kouty,Nábření,320,158,
Kravaře,Kouty,Hraniční,321,23,
Kravaře,Kouty,Hraniční,322,21,
Kravaře,Kouty,Hlučínská,323,221,a
Kravaře,Kouty,Hlučínská,324,114,a
Kravaře,Kouty,Kostelní,325,101,
Kravaře,Kouty,Olšinky,326,13,
Kravaře,Kouty,Kostelní,327,33,
Kravaře,Kouty,Kostelní,328,26,
Kravaře,Kouty,Hlučínská,329,227,
Kravaře,Kouty,Záhumenní,330,6,
Kravaře,Kouty,Kostelní,331,47,
Kravaře,Kouty,Bolatická,332,23,a
Kravaře,Kouty,Hlučínská,333,229,
Kravaře,Kouty,Kostelní,334,30,
Kravaře,Kouty,Drustevní,335,6,
Kravaře,Kouty,Kostelní,336,36,
Kravaře,Kouty,Kostelní,337,63,
Kravaře,Kouty,Kostelní,338,61,
Kravaře,Kouty,Drustevní,339,8,
Kravaře,Kouty,Bolatická,340,31,
Kravaře,Kouty,Záhumenní,341,18,
Kravaře,Kouty,Pod Dráhou,342,2,
Kravaře,Kouty,Sadová,343,6,
Kravaře,Kouty,Olšinky,344,12,
Kravaře,Kouty,Kostelní,345,103,
Kravaře,Kouty,Kostelní,346,34,
Kravaře,Kouty,Bolatická,347,10,
Kravaře,Kouty,Pod Dráhou,348,1,
Kravaře,Kouty,Východní,349,2,
Kravaře,Kouty,Kostelní,350,42,
Kravaře,Kouty,Bolatická,351,31,a
Kravaře,Kouty,Olšinky,352,14,
Kravaře,Kouty,Sluneční,353,1,
Kravaře,Kouty,Kostelní,354,35,
Kravaře,Kouty,Záhumenní,355,24,
Kravaře,Kouty,Souběná,356,1,
Kravaře,Kouty,Kostelní,357,49,
Kravaře,Kouty,Pod Dráhou,358,3,
Kravaře,Kouty,Kostelní,359,97,
Kravaře,Kouty,Kostelní,360,28,
Kravaře,Kouty,Nábření,361,162,
Kravaře,Kouty,Kaluova,362,1,a
Kravaře,Kouty,Záhumenní,364,60,
Kravaře,Kouty,Olšinky,365,2,
Kravaře,Kouty,Souběná,366,2,
Kravaře,Kouty,Kostelní,367,32,
Kravaře,Kouty,Kostelní,368,67,
Kravaře,Kouty,Pod Dráhou,369,4,
Kravaře,Kouty,Kostelní,370,89,
Kravaře,Kouty,Kostelní,371,87,
Kravaře,Kouty,Polní,372,2,
Kravaře,Kouty,Záhumenní,373,21,
Kravaře,Kouty,Záhumenní,374,10,
Kravaře,Kouty,Hlučínská,375,74,a
Kravaře,Kouty,Kostelní,377,37,
Kravaře,Kouty,Záhumenní,378,23,
Kravaře,Kouty,Kostelní,379,51,
Kravaře,Kouty,Záhumenní,380,17,
Kravaře,Kouty,Olšinky,381,11,
Kravaře,Kouty,Cihelní,382,2,
Kravaře,Kouty,Záhumenní,383,12,
Kravaře,Kouty,Záhumenní,384,52,
Kravaře,Kouty,Hlučínská,385,163,a
Kravaře,Kouty,Záhumenní,386,16,
Kravaře,Kouty,Záhumenní,387,44,
Kravaře,Kouty,Kostelní,388,65,
Kravaře,Kouty,Bolatická,389,33,
Kravaře,Kouty,Východní,390,1,
Kravaře,Kouty,Záhumenní,391,14,
Kravaře,Kouty,Hlučínská,392,204,a
Kravaře,Kouty,Záhumenní,393,19,
Kravaře,Kouty,Záhumenní,394,20,
Kravaře,Kouty,Olšinky,395,7,
Kravaře,Kouty,Záhumenní,396,48,
Kravaře,Kouty,Východní,397,4,
Kravaře,Kouty,Záhumenní,398,46,
Kravaře,Kouty,Východní,399,3,
Kravaře,Kouty,Záhumenní,400,58,
Kravaře,Kouty,Kostelní,401,79,
Kravaře,Kouty,Kostelní,402,77,
Kravaře,Kouty,Kostelní,403,75,
Kravaře,Kouty,Kostelní,404,73,
Kravaře,Kouty,Kostelní,405,71,
Kravaře,Kouty,Kostelní,406,69,
Kravaře,Kouty,Záhumenní,407,5,
Kravaře,Kouty,Bolatická,408,2,
Kravaře,Kouty,Kaluova,409,2,
Kravaře,Kouty,Kaluova,410,1,
Kravaře,Kouty,Kaluova,411,6,
Kravaře,Kouty,Záhumenní,412,43,
Kravaře,Kouty,Kaluova,413,4,
Kravaře,Kouty,Kostelní,414,83,
Kravaře,Kouty,Sadová,415,1,
Kravaře,Kouty,Kostelní,416,59,
Kravaře,Kouty,Kostelní,417,99,
Kravaře,Kouty,Bolatická,418,12,
Kravaře,Kouty,Kostelní,419,39,
Kravaře,Kouty,Záhumenní,420,59,
Kravaře,Kouty,Úzká,421,1,
Kravaře,Kouty,Kostelní,422,81,
Kravaře,Kouty,Hlučínská,423,96,
Kravaře,Kouty,Sadová,424,5,
Kravaře,Kouty,Úzká,425,2,
Kravaře,Kouty,Sadová,426,3,
Kravaře,Kouty,Kostelní,427,38,
Kravaře,Kouty,Hlučínská,428,8,a
Kravaře,Kouty,Záhumenní,429,9,
Kravaře,Kouty,Hlučínská,430,167,a
Kravaře,Kouty,Kostelní,431,24,
Kravaře,Kouty,Sluneční,432,2,
Kravaře,Kouty,Kaluova,433,8,
Kravaře,Kouty,Drustevní,434,1,
Kravaře,Kouty,Hlučínská,435,64,a
Kravaře,Kouty,Kostelní,437,57,
Kravaře,Kouty,Východní,438,5,
Kravaře,Kouty,Hlučínská,439,62,a
Kravaře,Kouty,Drustevní,440,3,
Kravaře,Kouty,Záhumenní,442,50,
Kravaře,Kouty,Olšinky,443,9,
Kravaře,Kouty,Záhumenní,444,57,
Kravaře,Kouty,Hlučínská,445,60,a
Kravaře,Kouty,Úzká,446,3,
Kravaře,Kouty,Olšinky,447,16,
Kravaře,Kouty,Kostelní,448,81,a
Kravaře,Kouty,Záhumenní,449,33,
Kravaře,Kouty,Nábření,450,160,
Kravaře,Kouty,Hlučínská,451,58,a
Kravaře,Kouty,Hlučínská,452,200,
Kravaře,Kouty,Záhumenní,453,22,
Kravaře,Kouty,Hlučínská,454,94,a
Kravaře,Kouty,Bolatická,455,10,a
Kravaře,Kouty,Kostelní,456,101,a
Kravaře,Kouty,Hlučínská,457,163,
Kravaře,Kouty,Hlučínská,458,263,
Kravaře,Kouty,Kostelní,459,55,
Kravaře,Kouty,Sadová,460,7,
Kravaře,Kouty,Kašpara Peterka,461,2,
Kravaře,Kouty,Hlučínská,1462,114,
Kravaře,Kouty,Nová,1463,4,
Kravaře,Kouty,Záhumenní,1464,39,
Kravaře,Kouty,Olšinky,1465,15,a
Kravaře,Kouty,Východní,1466,1,a
Kravaře,Kouty,Nová,1467,6,
Kravaře,Kouty,Sluneční,1468,4,
Kravaře,Kouty,Záhumenní,1469,37,
Kravaře,Kouty,Kaluova,1470,3,
Kravaře,Kouty,Kostelní,1471,53,
Kravaře,Kouty,Kaluova,1472,5,
Kravaře,Kouty,Hlučínská,1473,60,b
Kravaře,Kouty,Kaluova,1474,7,
Kravaře,Kouty,Sadová,1475,9,
Kravaře,Kouty,Drustevní,1476,2,
Kravaře,Kouty,Hlučínská,1477,2,a
Kravaře,Kouty,Záhumenní,1478,41,
Kravaře,Kouty,Kostelní,1479,91,
Kravaře,Kouty,Hlučínská,1480,97,
Kravaře,Kouty,Bolatická,1481,8,a
Kravaře,Kouty,Kašpara Peterka,1482,1,
Kravaře,Kouty,Drustevní,1483,4,
Kravaře,Kouty,Hlučínská,1484,65,a
Kravaře,Kouty,Záhumenní,1485,61,
Kravaře,Kouty,Sluneční,1486,9,
Kravaře,Kouty,Kostelní,1487,52,
Kravaře,Kouty,Olšinky,1488,11,a
Kravaře,Kouty,Sluneční,1489,7,
Kravaře,Kouty,Sluneční,1490,5,
Kravaře,Kouty,Sluneční,1491,3,
Kravaře,Kouty,Nábření,1492,156,a
Kravaře,Kouty,Olšinky,1493,1,a
Kravaře,Kouty,Záhumenní,1494,9,a
Kravaře,Kouty,Záhumenní,1495,67,
Kravaře,Kouty,Bolatická,1496,24,
Kravaře,Kouty,Hlučínská,1497,193,a
Kravaře,Kouty,Bolatická,1498,7,
Kravaře,Kouty,Skřivančí,1499,143,a
Kravaře,Kouty,Pod Dráhou,1500,1,a
Kravaře,Kouty,Bolatická,2001,20,
Kravaře,Kouty,Nová,2002,8,
Kravaře,Kouty,Záhumenní,2003,55,
Kravaře,Kouty,Záhumenní,2004,35,
Kravaře,Kouty,Skřivančí,2005,137,a
Kravaře,Kouty,Hraniční,2006,19,a
Kravaře,Kouty,Záhumenní,2007,3,
Kravaře,Kouty,Hlučínská,2008,,
Kravaře,Kouty,Záhumenní,2009,51,
Kravaře,Kouty,Skřivančí,2010,149,a
Kravaře,Kouty,Hraniční,2011,7,
Kravaře,Kouty,Bolatická,2012,22,
Kravaře,Kouty,Hlučínská,2013,73,a
Kravaře,Kouty,Záhumenní,2014,25,
Kravaře,Kouty,Kostelní,2015,65,a
Kravaře,Kouty,Záhumenní,2016,35,a
Kravaře,Kouty,Sadová,2017,5,a
Kravaře,Kouty,Kostelní,2018,41,
Kravaře,Kouty,Záhumenní,2019,8,
Kravaře,Kouty,Hlučínská,2020,169,
Kravaře,Kouty,Hlučínská,2021,192,
Kravaře,Kouty,Olšinky,2022,18,a
Kravaře,Kouty,Kostelní,2023,93,
Kravaře,Kouty,Hlučínská,2024,192,a
Kravaře,Kouty,Olšinky,2025,14,a
Kravaře,Kouty,Hlučínská,2026,51,a
Kravaře,Kouty,Severní,2027,1,
Kravaře,Kouty,Bolatická,2028,29,
Kravaře,Kouty,Skřivančí,2029,143,b
Kravaře,Kouty,Hlučínská,2030,161,a
Kravaře,Kouty,Záhumenní,2031,2,a
Kravaře,Kouty,Záhumenní,2032,31,
Kravaře,Kouty,Záhumenní,2033,1,
Kravaře,Kouty,Hlučínská,2034,104,
Kravaře,Kouty,Úzká,2035,4,
Kravaře,Kouty,Bolatická,2036,29,a
Kravaře,Kouty,Olšinky,2037,3,a
Kravaře,Kouty,Záhumenní,2038,42,
Kravaře,Kouty,Olšinky,2039,13,a
Kravaře,Kouty,Hlučínská,2040,81,
Kravaře,Kouty,Hlučínská,2041,166,
Kravaře,Kouty,Hlučínská,2042,100,
Kravaře,Kouty,Sluneční,2043,11,
Kravaře,Kouty,Severní,2044,2,
Kravaře,Kravaře,Hraniční,1,2,
Kravaře,Kravaře,Hraniční,2,4,
Kravaře,Kravaře,Hraniční,3,6,
Kravaře,Kravaře,Hraniční,5,12,
Kravaře,Kravaře,Čemenka,10,1,
Kravaře,Kravaře,Čemenka,11,3,
Kravaře,Kravaře,Čemenka,12,5,
Kravaře,Kravaře,Čemenka,13,7,
Kravaře,Kravaře,Čemenka,14,9,
Kravaře,Kravaře,Čemenka,15,11,
Kravaře,Kravaře,Čemenka,16,13,
Kravaře,Kravaře,Čemenka,18,17,
Kravaře,Kravaře,Čemenka,19,19,
Kravaře,Kravaře,Čemenka,20,21,
Kravaře,Kravaře,Čemenka,21,2,
Kravaře,Kravaře,Čemenka,22,4,
Kravaře,Kravaře,Čemenka,23,6,
Kravaře,Kravaře,Čemenka,25,10,
Kravaře,Kravaře,Čemenka,24,8,
Kravaře,Kravaře,Čemenka,26,12,
Kravaře,Kravaře,Čemenka,27,14,
Kravaře,Kravaře,Čemenka,28,16,
Kravaře,Kravaře,Čemenka,29,18,
Kravaře,Kravaře,Čemenka,30,20,
Kravaře,Kravaře,Luční,32,1,
Kravaře,Kravaře,Luční,33,3,
Kravaře,Kravaře,Luční,35,9,
Kravaře,Kravaře,Luční,36,11,
Kravaře,Kravaře,Luční,37,13,a
Kravaře,Kravaře,Luční,38,15,
Kravaře,Kravaře,Luční,39,17,
Kravaře,Kravaře,Luční,40,19,
Kravaře,Kravaře,Luční,41,21,
Kravaře,Kravaře,Nábření,42,75,
Kravaře,Kravaře,Luční,43,25,
Kravaře,Kravaře,Opavská,44,11,
Kravaře,Kravaře,Opavská,45,13,
Kravaře,Kravaře,Opavská,46,15,
Kravaře,Kravaře,Opavská,47,17,
Kravaře,Kravaře,Čeňka Trunčíka,48,5,
Kravaře,Kravaře,Opavská,49,19,
Kravaře,Kravaře,Opavská,50,21,
Kravaře,Kravaře,Opavská,51,23,
Kravaře,Kravaře,Opavská,3323,25,
Kravaře,Kravaře,Opavská,53,79,
Kravaře,Kravaře,Opavská,55,31,
Kravaře,Kravaře,Opavská,56,33,
Kravaře,Kravaře,Opavská,57,35,
Kravaře,Kravaře,Opavská,59,39,
Kravaře,Kravaře,Opavská,60,41,
Kravaře,Kravaře,Opavská,61,43,
Kravaře,Kravaře,Opavská,62,45,
Kravaře,Kravaře,Opavská,63,47,
Kravaře,Kravaře,Opavská,64,49,
Kravaře,Kravaře,Opavská,65,51,
Kravaře,Kravaře,Opavská,67,55,
Kravaře,Kravaře,Floriánská,68,24,
Kravaře,Kravaře,Novodvorská,70,6,
Kravaře,Kravaře,Poštovní,71,2,
Kravaře,Kravaře,Poštovní,73,6,
Kravaře,Kravaře,Poštovní,74,8,
Kravaře,Kravaře,Poštovní,75,10,
Kravaře,Kravaře,Poštovní,76,12,
Kravaře,Kravaře,Poštovní,77,19,
Kravaře,Kravaře,Poštovní,78,17,
Kravaře,Kravaře,Poštovní,79,15,
Kravaře,Kravaře,Poštovní,80,13,
Kravaře,Kravaře,Komenského,81,51,
Kravaře,Kravaře,Komenského,82,41,
Kravaře,Kravaře,Nádraní,83,12,
Kravaře,Kravaře,Nádraní,84,14,
Kravaře,Kravaře,Komenského,85,19,
Kravaře,Kravaře,Komenského,86,5,
Kravaře,Kravaře,Poštovní,87,11,
Kravaře,Kravaře,Poštovní,88,9,
Kravaře,Kravaře,Poštovní,89,7,
Kravaře,Kravaře,Poštovní,90,5,
Kravaře,Kravaře,Poštovní,91,3,
Kravaře,Kravaře,Poštovní,92,1,
Kravaře,Kravaře,Opavská,93,63,
Kravaře,Kravaře,Opavská,94,65,
Kravaře,Kravaře,Opavská,95,67,
Kravaře,Kravaře,Opavská,96,69,
Kravaře,Kravaře,Opavská,97,71,
Kravaře,Kravaře,Opavská,98,73,
Kravaře,Kravaře,Opavská,99,75,
Kravaře,Kravaře,Opavská,100,77,
Kravaře,Kravaře,Opavská,101,81,
Kravaře,Kravaře,Opavská,103,85,
Kravaře,Kravaře,Opavská,104,87,
Kravaře,Kravaře,Opavská,105,89,
Kravaře,Kravaře,Opavská,106,91,
Kravaře,Kravaře,Opavská,108,95,
Kravaře,Kravaře,Opavská,109,97,
Kravaře,Kravaře,Komenského,110,55,
Kravaře,Kravaře,Opavská,112,101,
Kravaře,Kravaře,Opavská,113,103,
Kravaře,Kravaře,Opavská,114,105,
Kravaře,Kravaře,Opavská,116,109,
Kravaře,Kravaře,Opavská,117,111,
Kravaře,Kravaře,Opavská,118,113,
Kravaře,Kravaře,Opavská,119,115,
Kravaře,Kravaře,Opavská,120,117,
Kravaře,Kravaře,Opavská,121,119,
Kravaře,Kravaře,Opavská,123,123,
Kravaře,Kravaře,Opavská,124,125,
Kravaře,Kravaře,Opavská,125,127,
Kravaře,Kravaře,Opavská,126,129,
Kravaře,Kravaře,Opavská,127,131,
Kravaře,Kravaře,Opavská,129,133,
Kravaře,Kravaře,Opavská,130,135,
Kravaře,Kravaře,Opavská,131,137,
Kravaře,Kravaře,Opavská,133,141,
Kravaře,Kravaře,Komenského,141,2,
Kravaře,Kravaře,Opavská,145,106,
Kravaře,Kravaře,Novodvorská,148,61,
Kravaře,Kravaře,Osvobození,151,6,
Kravaře,Kravaře,Novodvorská,153,74,
Kravaře,Kravaře,Opavská,161,143,
Kravaře,Kravaře,Opavská,162,145,
Kravaře,Kravaře,Opavská,3352,147,
Kravaře,Kravaře,Opavská,164,149,
Kravaře,Kravaře,Opavská,165,151,
Kravaře,Kravaře,Opavská,166,153,
Kravaře,Kravaře,Novodvorská,167,76,
Kravaře,Kravaře,Opavská,168,157,
Kravaře,Kravaře,Opavská,169,159,
Kravaře,Kravaře,Opavská,170,161,
Kravaře,Kravaře,Slepá,171,7,
Kravaře,Kravaře,Novodvorská,172,30,
Kravaře,Kravaře,Novodvorská,173,38,
Kravaře,Kravaře,Novodvorská,174,44,
Kravaře,Kravaře,Novodvorská,175,46,
Kravaře,Kravaře,Novodvorská,176,52,
Kravaře,Kravaře,Novodvorská,178,43,
Kravaře,Kravaře,Novodvorská,179,41,
Kravaře,Kravaře,Novodvorská,180,37,
Kravaře,Kravaře,Novodvorská,182,23,
Kravaře,Kravaře,Novodvorská,183,21,
Kravaře,Kravaře,Novodvorská,184,19,
Kravaře,Kravaře,Lelkova,185,2,
Kravaře,Kravaře,Lelkova,186,4,
Kravaře,Kravaře,Lelkova,187,6,
Kravaře,Kravaře,Lelkova,188,8,
Kravaře,Kravaře,Lelkova,189,10,
Kravaře,Kravaře,Lelkova,190,12,
Kravaře,Kravaře,Lelkova,191,14,
Kravaře,Kravaře,Lelkova,192,16,
Kravaře,Kravaře,Lelkova,193,18,
Kravaře,Kravaře,Lelkova,194,31,
Kravaře,Kravaře,Lelkova,195,21,
Kravaře,Kravaře,Lelkova,196,19,
Kravaře,Kravaře,Travní,197,1,
Kravaře,Kravaře,Travní,198,6,
Kravaře,Kravaře,Lelkova,199,13,
Kravaře,Kravaře,Lelkova,200,15,
Kravaře,Kravaře,Lelkova,202,11,
Kravaře,Kravaře,Slepá,203,1,
Kravaře,Kravaře,Slepá,204,3,
Kravaře,Kravaře,Slepá,205,5,
Kravaře,Kravaře,Slepá,207,6,
Kravaře,Kravaře,Slepá,208,4,
Kravaře,Kravaře,Lelkova,209,9,
Kravaře,Kravaře,Lelkova,210,7,
Kravaře,Kravaře,Lelkova,211,3,
Kravaře,Kravaře,Lelkova,212,1,
Kravaře,Kravaře,Opavská,214,165,
Kravaře,Kravaře,Opavská,215,167,
Kravaře,Kravaře,Opavská,216,171,
Kravaře,Kravaře,Opavská,217,173,
Kravaře,Kravaře,Opavská,218,175,
Kravaře,Kravaře,Opavská,219,177,
Kravaře,Kravaře,Opavská,221,181,
Kravaře,Kravaře,Opavská,222,183,
Kravaře,Kravaře,Opavská,223,183,a
Kravaře,Kravaře,U Kapličky,224,2,
Kravaře,Kravaře,Novodvorská,225,55,
Kravaře,Kravaře,Opavská,226,185,
Kravaře,Kravaře,Opavská,227,187,
Kravaře,Kravaře,Opavská,228,189,
Kravaře,Kravaře,Bőhmova,230,11,
Kravaře,Kravaře,Bőhmova,231,9,
Kravaře,Kravaře,Bőhmova,232,7,
Kravaře,Kravaře,Bőhmova,234,3,
Kravaře,Kravaře,Opavská,237,193,
Kravaře,Kravaře,Slámova,239,3,
Kravaře,Kravaře,Slámova,240,9,
Kravaře,Kravaře,Opavská,241,2,
Kravaře,Kravaře,Opavská,242,4,
Kravaře,Kravaře,Opavská,243,6,
Kravaře,Kravaře,Opavská,244,8,
Kravaře,Kravaře,Opavská,245,10,
Kravaře,Kravaře,Opavská,246,12,
Kravaře,Kravaře,Opavská,247,14,
Kravaře,Kravaře,Opavská,249,18,
Kravaře,Kravaře,Osvobození,250,8,
Kravaře,Kravaře,Opavská,251,24,
Kravaře,Kravaře,Opavská,252,28,
Kravaře,Kravaře,Opavská,253,30,a
Kravaře,Kravaře,Opavská,254,32,
Kravaře,Kravaře,Opavská,255,34,
Kravaře,Kravaře,Opavská,256,36,
Kravaře,Kravaře,Opavská,257,38,
Kravaře,Kravaře,Opavská,258,40,
Kravaře,Kravaře,Opavská,260,44,
Kravaře,Kravaře,Opavská,261,46,
Kravaře,Kravaře,Opavská,262,48,
Kravaře,Kravaře,Opavská,263,52,
Kravaře,Kravaře,Opavská,264,54,
Kravaře,Kravaře,Opavská,265,56,
Kravaře,Kravaře,Opavská,266,58,
Kravaře,Kravaře,Opavská,267,60,
Kravaře,Kravaře,Opavská,268,62,
Kravaře,Kravaře,Opavská,269,64,
Kravaře,Kravaře,Opavská,270,66,
Kravaře,Kravaře,Opavská,272,70,
Kravaře,Kravaře,Opavská,273,72,
Kravaře,Kravaře,Opavská,274,74,
Kravaře,Kravaře,Opavská,275,76,
Kravaře,Kravaře,Opavská,276,78,
Kravaře,Kravaře,Opavská,277,80,
Kravaře,Kravaře,Opavská,278,82,
Kravaře,Kravaře,Opavská,279,84,
Kravaře,Kravaře,Opavská,281,73,a
Kravaře,Kravaře,Opavská,282,90,
Kravaře,Kravaře,Opavská,283,92,
Kravaře,Kravaře,Opavská,284,94,
Kravaře,Kravaře,Opavská,285,96,
Kravaře,Kravaře,Opavská,287,100,
Kravaře,Kravaře,Opavská,291,108,
Kravaře,Kravaře,Opavská,292,110,
Kravaře,Kravaře,Opavská,293,114,
Kravaře,Kravaře,Opavská,294,116,
Kravaře,Kravaře,Opavská,295,118,
Kravaře,Kravaře,Opavská,297,122,
Kravaře,Kravaře,Opavská,298,124,
Kravaře,Kravaře,U Kapličky,299,4,
Kravaře,Kravaře,Opavská,300,74,a
Kravaře,Kravaře,U Vody,301,1,
Kravaře,Kravaře,Novodvorská,302,26,
Kravaře,Kravaře,Novodvorská,303,24,
Kravaře,Kravaře,Novodvorská,304,22,
Kravaře,Kravaře,Novodvorská,305,20,
Kravaře,Kravaře,Novodvorská,306,18,
Kravaře,Kravaře,Novodvorská,308,9,
Kravaře,Kravaře,Novodvorská,309,11,
Kravaře,Kravaře,Novodvorská,310,13,
Kravaře,Kravaře,Opavská,312,130,
Kravaře,Kravaře,Opavská,313,132,
Kravaře,Kravaře,Opavská,314,134,
Kravaře,Kravaře,Opavská,315,138,
Kravaře,Kravaře,Opavská,316,140,
Kravaře,Kravaře,Opavská,317,142,
Kravaře,Kravaře,Alejní,318,10,
Kravaře,Kravaře,Opavská,319,146,
Kravaře,Kravaře,Opavská,320,148,
Kravaře,Kravaře,Alejní,321,4,
Kravaře,Kravaře,Vyhlídalova,322,1,
Kravaře,Kravaře,Vyhlídalova,323,3,
Kravaře,Kravaře,Mlýnská,325,1,
Kravaře,Kravaře,Mlýnská,326,3,
Kravaře,Kravaře,Mlýnská,327,5,
Kravaře,Kravaře,Vyhlídalova,328,7,
Kravaře,Kravaře,Mlýnská,329,2,
Kravaře,Kravaře,Mlýnská,330,4,
Kravaře,Kravaře,Mlýnská,332,19,
Kravaře,Kravaře,Mlýnská,333,7,
Kravaře,Kravaře,Vyhlídalova,334,13,
Kravaře,Kravaře,Vyhlídalova,335,15,
Kravaře,Kravaře,Vyhlídalova,336,17,
Kravaře,Kravaře,Vyhlídalova,337,19,
Kravaře,Kravaře,Osvobození,338,2,
Kravaře,Kravaře,Vyhlídalova,339,23,
Kravaře,Kravaře,Vyhlídalova,340,43,
Kravaře,Kravaře,Vyhlídalova,341,45,
Kravaře,Kravaře,Vyhlídalova,342,2,
Kravaře,Kravaře,Vyhlídalova,343,4,
Kravaře,Kravaře,Vyhlídalova,344,6,
Kravaře,Kravaře,Vyhlídalova,345,8,
Kravaře,Kravaře,Vyhlídalova,346,10,
Kravaře,Kravaře,U Kapličky,348,1,
Kravaře,Kravaře,Novodvorská,349,29,
Kravaře,Kravaře,Mlýnská,350,11,
Kravaře,Kravaře,U Kapličky,351,5,
Kravaře,Kravaře,U Kapličky,352,3,
Kravaře,Kravaře,Vyhlídalova,353,14,
Kravaře,Kravaře,Vyhlídalova,354,16,
Kravaře,Kravaře,Vyhlídalova,355,18,
Kravaře,Kravaře,Vyhlídalova,356,20,
Kravaře,Kravaře,Vyhlídalova,358,24,
Kravaře,Kravaře,Novodvorská,359,31,
Kravaře,Kravaře,Vyhlídalova,360,26,
Kravaře,Kravaře,Vyhlídalova,361,41,
Kravaře,Kravaře,Vyhlídalova,362,39,
Kravaře,Kravaře,Vyhlídalova,363,37,
Kravaře,Kravaře,Vyhlídalova,364,35,
Kravaře,Kravaře,Vyhlídalova,366,31,
Kravaře,Kravaře,Vyhlídalova,367,29,
Kravaře,Kravaře,Vyhlídalova,368,27,
Kravaře,Kravaře,Vyhlídalova,369,25,
Kravaře,Kravaře,Novodvorská,370,7,
Kravaře,Kravaře,Novodvorská,371,5,
Kravaře,Kravaře,Novodvorská,372,3,
Kravaře,Kravaře,Mlýnská,373,14,
Kravaře,Kravaře,Mlýnská,374,16,
Kravaře,Kravaře,Alejní,375,22,
Kravaře,Kravaře,Alejní,377,24,
Kravaře,Kravaře,Mlýnská,379,25,
Kravaře,Kravaře,Novodvorská,380,16,
Kravaře,Kravaře,Náměstí,381,7,
Kravaře,Kravaře,Náměstí,382,9,
Kravaře,Kravaře,Náměstí,383,11,
Kravaře,Kravaře,Panská,384,2,
Kravaře,Kravaře,Náměstí,385,13,
Kravaře,Kravaře,Nábření,386,78,
Kravaře,Kravaře,Nábření,387,82,
Kravaře,Kravaře,Náměstí,388,17,
Kravaře,Kravaře,Náměstí,389,19,
Kravaře,Kravaře,Náměstí,390,21,
Kravaře,Kravaře,Náměstí,392,25,
Kravaře,Kravaře,Náměstí,394,29,
Kravaře,Kravaře,Náměstí,395,31,
Kravaře,Kravaře,Náměstí,396,33,
Kravaře,Kravaře,Náměstí,397,35,
Kravaře,Kravaře,Náměstí,398,37,
Kravaře,Kravaře,Náměstí,399,39,
Kravaře,Kravaře,Petra z Kravař,400,1,
Kravaře,Kravaře,Petra z Kravař,401,3,
Kravaře,Kravaře,Petra z Kravař,402,5,
Kravaře,Kravaře,Petra z Kravař,403,7,
Kravaře,Kravaře,Náměstí,404,41,
Kravaře,Kravaře,Náměstí,405,43,
Kravaře,Kravaře,Náměstí,406,44,
Kravaře,Kravaře,Náměstí,407,42,
Kravaře,Kravaře,Náměstí,408,40,
Kravaře,Kravaře,Náměstí,409,38,
Kravaře,Kravaře,Náměstí,410,36,
Kravaře,Kravaře,Náměstí,411,34,
Kravaře,Kravaře,Náměstí,413,30,
Kravaře,Kravaře,Náměstí,414,28,
Kravaře,Kravaře,Náměstí,415,26,
Kravaře,Kravaře,Náměstí,416,24,
Kravaře,Kravaře,Náměstí,417,22,
Kravaře,Kravaře,Náměstí,418,20,
Kravaře,Kravaře,Náměstí,419,18,
Kravaře,Kravaře,Náměstí,421,14,
Kravaře,Kravaře,Náměstí,422,12,
Kravaře,Kravaře,Náměstí,423,10,
Kravaře,Kravaře,Náměstí,424,8,
Kravaře,Kravaře,Náměstí,425,6,
Kravaře,Kravaře,Náměstí,426,4,
Kravaře,Kravaře,Náměstí,427,2,
Kravaře,Kravaře,Nábření,428,68,
Kravaře,Kravaře,Nábření,429,31,
Kravaře,Kravaře,Tyršova,430,4,
Kravaře,Kravaře,Tyršova,432,8,
Kravaře,Kravaře,Nábření,433,40,
Kravaře,Kravaře,Nábření,434,38,
Kravaře,Kravaře,Nábření,435,34,
Kravaře,Kravaře,Nábření,436,32,
Kravaře,Kravaře,Nábření,438,16,
Kravaře,Kravaře,Panská,439,15,
Kravaře,Kravaře,U Vody,440,6,
Kravaře,Kravaře,Panská,441,9,
Kravaře,Kravaře,U Náhonu,442,3,
Kravaře,Kravaře,U Náhonu,443,2,
Kravaře,Kravaře,U Náhonu,444,1,
Kravaře,Kravaře,Panská,445,7,
Kravaře,Kravaře,Nábření,446,45,
Kravaře,Kravaře,Panská,447,3,
Kravaře,Kravaře,Panská,448,1,
Kravaře,Kravaře,Tyršova,450,10,
Kravaře,Kravaře,Nábření,452,17,
Kravaře,Kravaře,Nábření,453,33,
Kravaře,Kravaře,Cihelní,454,32,
Kravaře,Kravaře,Nábření,455,41,
Kravaře,Kravaře,Nábření,456,43,
Kravaře,Kravaře,Nábření,457,47,
Kravaře,Kravaře,Nábření,458,55,
Kravaře,Kravaře,Nábření,459,94,
Kravaře,Kravaře,Nábření,460,88,
Kravaře,Kravaře,Nábření,461,74,
Kravaře,Kravaře,Nábření,462,72,
Kravaře,Kravaře,Nábření,463,64,
Kravaře,Kravaře,Nábření,464,54,
Kravaře,Kravaře,Nábření,466,48,
Kravaře,Kravaře,Nábření,467,46,
Kravaře,Kravaře,Nábření,468,44,
Kravaře,Kravaře,Nábření,469,42,
Kravaře,Kravaře,Nábření,470,8,
Kravaře,Kravaře,Tyršova,471,1,
Kravaře,Kravaře,Bezručova,472,110,
Kravaře,Kravaře,Bezručova,473,108,
Kravaře,Kravaře,Nábření,474,61,
Kravaře,Kravaře,Bezručova,475,102,
Kravaře,Kravaře,Bezručova,476,96,
Kravaře,Kravaře,Bezručova,477,94,
Kravaře,Kravaře,Bezručova,478,92,
Kravaře,Kravaře,Bezručova,479,100,
Kravaře,Kravaře,Bezručova,480,98,
Kravaře,Kravaře,Nábření,481,53,
Kravaře,Kravaře,Bezručova,482,90,
Kravaře,Kravaře,Bezručova,483,86,
Kravaře,Kravaře,Bezručova,484,84,
Kravaře,Kravaře,Bezručova,485,82,
Kravaře,Kravaře,Bezručova,486,80,
Kravaře,Kravaře,Bezručova,487,78,
Kravaře,Kravaře,Bezručova,488,76,
Kravaře,Kravaře,Bezručova,489,74,
Kravaře,Kravaře,Bezručova,491,70,
Kravaře,Kravaře,Opavská,492,88,a
Kravaře,Kravaře,Bezručova,493,66,
Kravaře,Kravaře,Bezručova,494,64,
Kravaře,Kravaře,Bezručova,495,62,
Kravaře,Kravaře,Cihelní,496,19,
Kravaře,Kravaře,Bezručova,497,60,
Kravaře,Kravaře,Bezručova,499,56,
Kravaře,Kravaře,Bezručova,500,54,
Kravaře,Kravaře,Bezručova,501,52,
Kravaře,Kravaře,Bezručova,502,50,
Kravaře,Kravaře,Bőhmova,503,24,
Kravaře,Kravaře,Bezručova,505,44,
Kravaře,Kravaře,Bezručova,509,36,
Kravaře,Kravaře,Bezručova,511,32,
Kravaře,Kravaře,Bezručova,512,30,
Kravaře,Kravaře,Bezručova,513,28,
Kravaře,Kravaře,Bezručova,514,26,
Kravaře,Kravaře,Bezručova,515,24,
Kravaře,Kravaře,Bezručova,516,22,
Kravaře,Kravaře,Bezručova,517,20,
Kravaře,Kravaře,Bezručova,518,18,
Kravaře,Kravaře,Zahradní,520,1,
Kravaře,Kravaře,Zahradní,521,3,
Kravaře,Kravaře,Zahradní,522,5,
Kravaře,Kravaře,Nábření,525,127,
Kravaře,Kravaře,Zahradní,526,13,
Kravaře,Kravaře,Zahradní,527,11,
Kravaře,Kravaře,Nábření,528,73,
Kravaře,Kravaře,Zahradní,529,15,
Kravaře,Kravaře,Zahradní,530,17,
Kravaře,Kravaře,Komenského,531,43,
Kravaře,Kravaře,Zahradní,532,25,
Kravaře,Kravaře,Cihelní,533,44,
Kravaře,Kravaře,Zahradní,534,12,
Kravaře,Kravaře,Zahradní,535,10,
Kravaře,Kravaře,Zahradní,536,8,
Kravaře,Kravaře,Zahradní,537,6,
Kravaře,Kravaře,Zahradní,539,2,
Kravaře,Kravaře,Bezručova,541,12,
Kravaře,Kravaře,Bezručova,542,10,
Kravaře,Kravaře,Bezručova,543,8,
Kravaře,Kravaře,Bezručova,544,6,
Kravaře,Kravaře,Bezručova,545,4,
Kravaře,Kravaře,Bezručova,549,7,
Kravaře,Kravaře,Bezručova,550,9,
Kravaře,Kravaře,Bezručova,551,11,
Kravaře,Kravaře,Bezručova,552,13,
Kravaře,Kravaře,Bezručova,553,15,
Kravaře,Kravaře,Nábření,554,123,
Kravaře,Kravaře,Bezručova,555,21,
Kravaře,Kravaře,Čeňka Trunčíka,556,27,
Kravaře,Kravaře,Bezručova,557,25,
Kravaře,Kravaře,Bezručova,561,33,
Kravaře,Kravaře,Bezručova,563,37,
Kravaře,Kravaře,Bezručova,564,39,
Kravaře,Kravaře,Bezručova,565,41,
Kravaře,Kravaře,Bezručova,566,43,a
Kravaře,Kravaře,Bezručova,567,45,
Kravaře,Kravaře,Bezručova,568,45,b
Kravaře,Kravaře,Bezručova,570,51,
Kravaře,Kravaře,Bezručova,571,53,
Kravaře,Kravaře,Bezručova,572,57,
Kravaře,Kravaře,Bezručova,573,61,
Kravaře,Kravaře,Nábření,574,37,
Kravaře,Kravaře,Bezručova,575,65,
Kravaře,Kravaře,Bezručova,576,67,
Kravaře,Kravaře,Bőhmova,577,2,
Kravaře,Kravaře,Nábření,578,90,
Kravaře,Kravaře,Bezručova,579,89,
Kravaře,Kravaře,Bezručova,580,91,
Kravaře,Kravaře,Nábření,581,57,
Kravaře,Kravaře,Bezručova,582,95,
Kravaře,Kravaře,Nábření,583,109,
Kravaře,Kravaře,Bezručova,584,99,
Kravaře,Kravaře,Bezručova,587,103,
Kravaře,Kravaře,Bezručova,588,105,
Kravaře,Kravaře,Nábření,589,85,
Kravaře,Kravaře,Bezručova,591,117,
Kravaře,Kravaře,Bezručova,593,119,
Kravaře,Kravaře,Nádraní,594,1,
Kravaře,Kravaře,Náměstí,595,1,a
Kravaře,Kravaře,Náměstí,596,3,
Kravaře,Kravaře,Bezručova,598,93,
Kravaře,Kravaře,Lelkova,599,5,
Kravaře,Kravaře,Bezručova,601,87,
Kravaře,Kravaře,Nábření,602,97,
Kravaře,Kravaře,Bezručova,603,85,
Kravaře,Kravaře,Bezručova,604,83,
Kravaře,Kravaře,Bezručova,605,81,
Kravaře,Kravaře,Bezručova,606,79,
Kravaře,Kravaře,Bezručova,607,75,
Kravaře,Kravaře,Bezručova,608,73,
Kravaře,Kravaře,Bezručova,609,77,
Kravaře,Kravaře,Bezručova,610,69,
Kravaře,Kravaře,Nový Dvůr,612,1,
Kravaře,Kravaře,Nový Dvůr,613,2,
Kravaře,Kravaře,Nový Dvůr,614,3,
Kravaře,Kravaře,Nový Dvůr,615,4,
Kravaře,Kravaře,Hanůvka,616,1,
Kravaře,Kravaře,Hanůvka,617,2,
Kravaře,Kravaře,Hanůvka,618,3,
Kravaře,Kravaře,Cihelní,619,46,
Kravaře,Kravaře,Opavská,620,3,
Kravaře,Kravaře,Opavská,621,1,
Kravaře,Kravaře,Bezručova,622,59,
Kravaře,Kravaře,Komenského,623,21,
Kravaře,Kravaře,Bezručova,624,49,
Kravaře,Kravaře,Polní,625,5,
Kravaře,Kravaře,Čeňka Trunčíka,626,9,
Kravaře,Kravaře,Opavská,627,26,
Kravaře,Kravaře,Nábření,628,151,
Kravaře,Kravaře,Bezručova,629,45,a
Kravaře,Kravaře,Komenského,630,49,
Kravaře,Kravaře,Nábření,631,139,
Kravaře,Kravaře,Komenského,632,7,
Kravaře,Kravaře,Bezručova,633,104,
Kravaře,Kravaře,Novodvorská,634,67,
Kravaře,Kravaře,Novodvorská,635,69,
Kravaře,Kravaře,Nábření,636,66,
Kravaře,Kravaře,Polní,638,8,
Kravaře,Kravaře,Polní,639,17,
Kravaře,Kravaře,Komenského,640,3,
Kravaře,Kravaře,Čeňka Trunčíka,641,17,
Kravaře,Kravaře,Tyršova,642,3,
Kravaře,Kravaře,Luční,643,5,
Kravaře,Kravaře,Novodvorská,644,40,
Kravaře,Kravaře,Komenského,649,10,
Kravaře,Kravaře,Komenského,649,12,
Kravaře,Kravaře,Opavská,650,68,
Kravaře,Kravaře,Lelkova,651,25,
Kravaře,Kravaře,Komenského,652,22,
Kravaře,Kravaře,Komenského,653,33,
Kravaře,Kravaře,Alejní,654,11,
Kravaře,Kravaře,Tyršova,655,2,
Kravaře,Kravaře,Komenského,656,29,
Kravaře,Kravaře,Novodvorská,657,65,
Kravaře,Kravaře,Komenského,658,14,
Kravaře,Kravaře,Nádraní,660,16,
Kravaře,Kravaře,Opavská,661,7,
Kravaře,Kravaře,Polní,662,9,
Kravaře,Kravaře,Floriánská,663,4,
Kravaře,Kravaře,Náměstí,664,1,
Kravaře,Kravaře,Lelkova,665,23,
Kravaře,Kravaře,Luční,666,11,a
Kravaře,Kravaře,Nábření,667,107,
Kravaře,Kravaře,Poštovní,668,21,
Kravaře,Kravaře,Čeňka Trunčíka,669,23,
Kravaře,Kravaře,Floriánská,670,6,
Kravaře,Kravaře,Komenského,671,45,
Kravaře,Kravaře,Opavská,672,112,
Kravaře,Kravaře,Floriánská,674,15,
Kravaře,Kravaře,Bőhmova,675,4,
Kravaře,Kravaře,Bezručova,676,17,
Kravaře,Kravaře,Potočná,677,1,
Kravaře,Kravaře,Lelkova,678,33,
Kravaře,Kravaře,Alejní,679,9,
Kravaře,Kravaře,Alejní,680,7,
Kravaře,Kravaře,Opavská,681,9,
Kravaře,Kravaře,Opavská,682,20,
Kravaře,Kravaře,Opavská,683,144,
Kravaře,Kravaře,Březová,686,11,a
Kravaře,Kravaře,Březová,687,7,
Kravaře,Kravaře,Novodvorská,688,96,
Kravaře,Kravaře,Březová,689,9,
Kravaře,Kravaře,Nábření,691,117,
Kravaře,Kravaře,Travní,692,4,
Kravaře,Kravaře,Opavská,693,169,
Kravaře,Kravaře,Lelkova,694,45,
Kravaře,Kravaře,Březová,695,3,
Kravaře,Kravaře,Novodvorská,697,15,
Kravaře,Kravaře,Nábření,698,6,
Kravaře,Kravaře,Tyršova,699,6,
Kravaře,Kravaře,Komenského,701,9,
Kravaře,Kravaře,Alejní,702,1,
Kravaře,Kravaře,Alejní,703,3,
Kravaře,Kravaře,Nábření,704,121,
Kravaře,Kravaře,Slámova,705,15,
Kravaře,Kravaře,Floriánská,706,23,
Kravaře,Kravaře,Komenského,707,39,
Kravaře,Kravaře,Opavská,708,136,
Kravaře,Kravaře,Opavská,709,5,
Kravaře,Kravaře,Novodvorská,710,62,
Kravaře,Kravaře,Opavská,711,5,a
Kravaře,Kravaře,Opavská,712,50,
Kravaře,Kravaře,Petra z Kravař,713,1,a
Kravaře,Kravaře,Lelkova,714,36,
Kravaře,Kravaře,Čeňka Trunčíka,715,7,
Kravaře,Kravaře,Floriánská,716,21,
Kravaře,Kravaře,Floriánská,717,14,
Kravaře,Kravaře,Lelkova,719,38,
Kravaře,Kravaře,Slámova,720,11,
Kravaře,Kravaře,Novodvorská,721,28,
Kravaře,Kravaře,Vyhlídalova,722,21,
Kravaře,Kravaře,Alejní,723,14,
Kravaře,Kravaře,Novodvorská,724,39,
Kravaře,Kravaře,Nábření,3335,104,
Kravaře,Kravaře,Cihelní,726,38,
Kravaře,Kravaře,Cihelní,727,36,
Kravaře,Kravaře,Alejní,728,13,
Kravaře,Kravaře,Potočná,729,3,
Kravaře,Kravaře,Potočná,730,5,
Kravaře,Kravaře,Cihelní,731,26,
Kravaře,Kravaře,Kostelní,732,3,
Kravaře,Kravaře,Kostelní,733,2,b
Kravaře,Kravaře,Polní,734,7,
Kravaře,Kravaře,Floriánská,735,5,
Kravaře,Kravaře,Opavská,736,9,a
Kravaře,Kravaře,Alejní,737,6,
Kravaře,Kravaře,Alejní,738,8,
Kravaře,Kravaře,Alejní,739,12,
Kravaře,Kravaře,Alejní,740,16,
Kravaře,Kravaře,Alejní,741,18,
Kravaře,Kravaře,Mírová,742,28,
Kravaře,Kravaře,Mírová,743,26,
Kravaře,Kravaře,Mírová,744,22,
Kravaře,Kravaře,Mírová,745,18,
Kravaře,Kravaře,Mírová,746,10,
Kravaře,Kravaře,Zahradní,747,14,
Kravaře,Kravaře,Cihelní,748,40,
Kravaře,Kravaře,Nábření,749,134,
Kravaře,Kravaře,Čeňka Trunčíka,750,10,
Kravaře,Kravaře,Čeňka Trunčíka,751,12,
Kravaře,Kravaře,Nábření,752,91,
Kravaře,Kravaře,Nábření,753,77,
Kravaře,Kravaře,Komenského,754,6,
Kravaře,Kravaře,Komenského,754,8,
Kravaře,Kravaře,Komenského,755,25,
Kravaře,Kravaře,Komenského,755,27,
Kravaře,Kravaře,Nábření,756,79,
Kravaře,Kravaře,Nábření,757,95,
Kravaře,Kravaře,Komenského,758,37,
Kravaře,Kravaře,Lelkova,759,34,
Kravaře,Kravaře,Nábření,760,93,
Kravaře,Kravaře,Novodvorská,761,66,
Kravaře,Kravaře,Nábření,762,15,
Kravaře,Kravaře,U Trati,763,1,
Kravaře,Kravaře,Čeňka Trunčíka,764,22,
Kravaře,Kravaře,Alejní,765,5,
Kravaře,Kravaře,Novodvorská,766,68,
Kravaře,Kravaře,Slámova,767,17,
Kravaře,Kravaře,Opavská,769,45,a
Kravaře,Kravaře,Nábření,770,12,
Kravaře,Kravaře,Nábření,771,108,
Kravaře,Kravaře,Nábření,772,131,
Kravaře,Kravaře,Slámova,773,21,
Kravaře,Kravaře,těpánkovická,774,18,
Kravaře,Kravaře,Nábření,775,87,
Kravaře,Kravaře,Nábření,776,89,
Kravaře,Kravaře,Čeňka Trunčíka,777,20,
Kravaře,Kravaře,Lelkova,778,30,
Kravaře,Kravaře,Nábření,779,14,
Kravaře,Kravaře,těpánkovická,780,20,
Kravaře,Kravaře,Nábření,781,99,
Kravaře,Kravaře,Opavská,782,42,
Kravaře,Kravaře,Zahradní,783,11,a
Kravaře,Kravaře,U Trati,784,5,
Kravaře,Kravaře,Komenského,785,44,
Kravaře,Kravaře,Mírová,786,8,
Kravaře,Kravaře,U Náhonu,787,6,
Kravaře,Kravaře,Slámova,788,23,
Kravaře,Kravaře,Nábření,789,67,
Kravaře,Kravaře,Floriánská,790,10,
Kravaře,Kravaře,Floriánská,791,12,
Kravaře,Kravaře,Floriánská,792,16,
Kravaře,Kravaře,Novodvorská,793,14,
Kravaře,Kravaře,Cihelní,794,3,
Kravaře,Kravaře,Mlýnská,795,9,
Kravaře,Kravaře,Novodvorská,796,54,
Kravaře,Kravaře,Novodvorská,797,45,
Kravaře,Kravaře,Mlýnská,798,17,
Kravaře,Kravaře,U Trati,799,7,
Kravaře,Kravaře,Floriánská,800,19,
Kravaře,Kravaře,Opavská,801,161,a
Kravaře,Kravaře,Nábření,802,24,
Kravaře,Kravaře,Lelkova,803,28,
Kravaře,Kravaře,těpánkovická,804,14,
Kravaře,Kravaře,Komenského,805,47,
Kravaře,Kravaře,Nádraní,807,2,
Kravaře,Kravaře,Nádraní,807,4,
Kravaře,Kravaře,Mlýnská,808,15,
Kravaře,Kravaře,Lelkova,809,35,
Kravaře,Kravaře,Novodvorská,810,51,
Kravaře,Kravaře,Novodvorská,811,36,
Kravaře,Kravaře,těpánkovická,812,10,
Kravaře,Kravaře,Nábření,813,115,
Kravaře,Kravaře,těpánkovická,814,6,
Kravaře,Kravaře,těpánkovická,815,22,
Kravaře,Kravaře,Mlýnská,816,21,
Kravaře,Kravaře,Mlýnská,817,23,
Kravaře,Kravaře,těpánkovická,818,16,
Kravaře,Kravaře,těpánkovická,819,12,
Kravaře,Kravaře,Floriánská,820,22,
Kravaře,Kravaře,Polní,821,3,
Kravaře,Kravaře,Polní,822,10,
Kravaře,Kravaře,Cihelní,823,13,
Kravaře,Kravaře,Nábření,824,129,
Kravaře,Kravaře,Nábření,825,133,
Kravaře,Kravaře,Nábření,826,49,
Kravaře,Kravaře,Nábření,827,80,
Kravaře,Kravaře,Zahradní,828,9,
Kravaře,Kravaře,Nábření,829,56,
Kravaře,Kravaře,Opavská,830,55,a
Kravaře,Kravaře,Komenského,831,1,
Kravaře,Kravaře,Nádraní,832,7,
Kravaře,Kravaře,Krátká,833,48,
Kravaře,Kravaře,Novodvorská,834,58,
Kravaře,Kravaře,Alejní,835,20,
Kravaře,Kravaře,Mírová,836,6,
Kravaře,Kravaře,Novodvorská,837,33,
Kravaře,Kravaře,Mírová,838,24,
Kravaře,Kravaře,Mírová,839,20,
Kravaře,Kravaře,Novodvorská,840,64,
Kravaře,Kravaře,Čeňka Trunčíka,841,25,
Kravaře,Kravaře,Polní,842,18,
Kravaře,Kravaře,Polní,843,16,
Kravaře,Kravaře,Floriánská,844,18,
Kravaře,Kravaře,Floriánská,845,20,
Kravaře,Kravaře,Cihelní,846,24,
Kravaře,Kravaře,těpánkovická,847,8,
Kravaře,Kravaře,Polní,848,11,
Kravaře,Kravaře,Slámova,850,7,
Kravaře,Kravaře,Nábření,851,150,
Kravaře,Kravaře,Komenského,852,16,
Kravaře,Kravaře,Komenského,853,18,
Kravaře,Kravaře,Komenského,854,20,
Kravaře,Kravaře,Polní,855,23,
Kravaře,Kravaře,Polní,856,21,
Kravaře,Kravaře,Panská,857,5,
Kravaře,Kravaře,těpánkovická,858,2,
Kravaře,Kravaře,Nábření,859,35,
Kravaře,Kravaře,Opavská,860,88,
Kravaře,Kravaře,Novodvorská,861,27,
Kravaře,Kravaře,Nábření,862,103,
Kravaře,Kravaře,Březová,863,1,
Kravaře,Kravaře,Cihelní,864,23,
Kravaře,Kravaře,Komenského,865,4,
Kravaře,Kravaře,Slámova,866,19,
Kravaře,Kravaře,Cihelní,869,5,
Kravaře,Kravaře,Lelkova,870,26,
Kravaře,Kravaře,Lelkova,871,32,
Kravaře,Kravaře,těpánkovická,872,24,
Kravaře,Kravaře,Floriánská,873,1,
Kravaře,Kravaře,Nádraní,874,6,
Kravaře,Kravaře,Nádraní,875,8,
Kravaře,Kravaře,Nádraní,876,10,
Kravaře,Kravaře,Čeňka Trunčíka,877,8,
Kravaře,Kravaře,Cihelní,878,21,
Kravaře,Kravaře,Bőhmova,879,12,
Kravaře,Kravaře,Nábření,880,126,
Kravaře,Kravaře,Nábření,881,125,
Kravaře,Kravaře,Bőhmova,882,14,
Kravaře,Kravaře,Novodvorská,883,1,
Kravaře,Kravaře,Čeňka Trunčíka,884,16,
Kravaře,Kravaře,Rohová,885,1,
Kravaře,Kravaře,Čeňka Trunčíka,886,24,
Kravaře,Kravaře,Čeňka Trunčíka,887,18,
Kravaře,Kravaře,Mlýnská,888,12,
Kravaře,Kravaře,Alejní,889,2,
Kravaře,Kravaře,Opavská,890,116,a
Kravaře,Kravaře,Nábření,891,28,
Kravaře,Kravaře,Nábření,892,22,
Kravaře,Kravaře,Nábření,893,63,
Kravaře,Kravaře,těpánkovická,894,11,
Kravaře,Kravaře,Novodvorská,895,70,
Kravaře,Kravaře,Bezručova,896,43,
Kravaře,Kravaře,Bőhmova,897,18,
Kravaře,Kravaře,Polní,898,12,
Kravaře,Kravaře,Kostelní,899,15,
Kravaře,Kravaře,Nábření,900,92,
Kravaře,Kravaře,Mírová,901,16,
Kravaře,Kravaře,Mlýnská,902,6,
Kravaře,Kravaře,Mlýnská,903,8,
Kravaře,Kravaře,Nábření,904,139,a
Kravaře,Kravaře,Potočná,905,7,
Kravaře,Kravaře,Nábření,906,19,
Kravaře,Kravaře,Bőhmova,907,16,
Kravaře,Kravaře,Rohová,908,3,
Kravaře,Kravaře,Mlýnská,909,10,
Kravaře,Kravaře,Čeňka Trunčíka,910,14,
Kravaře,Kravaře,Slepá,911,9,
Kravaře,Kravaře,Opavská,912,9,b
Kravaře,Kravaře,Bőhmova,913,6,
Kravaře,Kravaře,Novodvorská,914,49,
Kravaře,Kravaře,Lelkova,915,43,
Kravaře,Kravaře,Novodvorská,916,35,
Kravaře,Kravaře,Čeňka Trunčíka,917,15,
Kravaře,Kravaře,Náměstí,918,15,
Kravaře,Kravaře,Slámova,919,4,
Kravaře,Kravaře,Rohová,920,5,
Kravaře,Kravaře,Cihelní,921,28,
Kravaře,Kravaře,Nábření,922,136,
Kravaře,Kravaře,těpánkovická,923,21,
Kravaře,Kravaře,Nábření,924,76,
Kravaře,Kravaře,Slámova,925,2,
Kravaře,Kravaře,Slámova,926,14,
Kravaře,Kravaře,Vyhlídalova,927,11,
Kravaře,Kravaře,Nábření,928,25,
Kravaře,Kravaře,Slámova,929,12,
Kravaře,Kravaře,těpánkovická,930,17,
Kravaře,Kravaře,těpánkovická,931,19,
Kravaře,Kravaře,Čeňka Trunčíka,932,31,
Kravaře,Kravaře,Luční,933,13,
Kravaře,Kravaře,Náměstí,934,5,a
Kravaře,Kravaře,Slámova,935,8,
Kravaře,Kravaře,Slámova,936,10,
Kravaře,Kravaře,Slámova,937,20,
Kravaře,Kravaře,Bezručova,938,121,
Kravaře,Kravaře,Nábření,940,110,
Kravaře,Kravaře,Nábření,941,58,
Kravaře,Kravaře,Nábření,942,27,
Kravaře,Kravaře,Nábření,943,21,
Kravaře,Kravaře,Kostelní,944,1,
Kravaře,Kravaře,Nábření,945,23,
Kravaře,Kravaře,Slámova,946,22,
Kravaře,Kravaře,Cihelní,947,9,
Kravaře,Kravaře,Cihelní,948,11,
Kravaře,Kravaře,Floriánská,949,11,
Kravaře,Kravaře,těpánkovická,950,23,
Kravaře,Kravaře,Čeňka Trunčíka,951,29,
Kravaře,Kravaře,těpánkovická,952,13,
Kravaře,Kravaře,těpánkovická,953,3,
Kravaře,Kravaře,Opavská,954,61,
Kravaře,Kravaře,Cihelní,955,7,
Kravaře,Kravaře,Nábření,956,29,
Kravaře,Kravaře,Lelkova,957,21,a
Kravaře,Kravaře,Nový Dvůr,958,5,
Kravaře,Kravaře,Rohová,959,7,
Kravaře,Kravaře,Opavská,960,147,a
Kravaře,Kravaře,Cihelní,961,30,
Kravaře,Kravaře,Cihelní,962,15,
Kravaře,Kravaře,Nábření,963,62,
Kravaře,Kravaře,Osvobození,964,3,
Kravaře,Kravaře,Nábření,965,102,
Kravaře,Kravaře,Bezručova,966,101,
Kravaře,Kravaře,Rohová,967,13,
Kravaře,Kravaře,Nábření,968,20,
Kravaře,Kravaře,Mírová,969,4,
Kravaře,Kravaře,Slámova,970,18,
Kravaře,Kravaře,Potočná,971,9,
Kravaře,Kravaře,Komenského,972,11,
Kravaře,Kravaře,Floriánská,973,17,
Kravaře,Kravaře,Novodvorská,974,63,
Kravaře,Kravaře,Krátká,975,50,
Kravaře,Kravaře,Potočná,976,11,
Kravaře,Kravaře,Novodvorská,977,47,
Kravaře,Kravaře,Rohová,978,4,
Kravaře,Kravaře,Bőhmova,979,15,
Kravaře,Kravaře,Opavská,981,38,a
Kravaře,Kravaře,Komenského,982,53,
Kravaře,Kravaře,Nábření,983,18,
Kravaře,Kravaře,Nábření,984,71,
Kravaře,Kravaře,Nábření,985,106,
Kravaře,Kravaře,Nábření,986,13,
Kravaře,Kravaře,Nábření,987,39,
Kravaře,Kravaře,Bőhmova,988,1,
Kravaře,Kravaře,Bezručova,989,94,a
Kravaře,Kravaře,Novodvorská,990,98,
Kravaře,Kravaře,Nábření,991,120,
Kravaře,Kravaře,Nábření,992,137,
Kravaře,Kravaře,Novodvorská,993,4,
Kravaře,Kravaře,Nábření,994,3,
Kravaře,Kravaře,Čeňka Trunčíka,995,13,
Kravaře,Kravaře,Novodvorská,996,2,
Kravaře,Kravaře,Luční,997,26,
Kravaře,Kravaře,Nábření,998,36,
Kravaře,Kravaře,těpánkovická,999,15,
Kravaře,Kravaře,Nábření,1000,5,
Kravaře,Kravaře,Osvobození,3000,1,
Kravaře,Kravaře,těpánkovická,3001,2,b
Kravaře,Kravaře,Osvobození,3002,4,
Kravaře,Kravaře,U Vody,3003,4,
Kravaře,Kravaře,Mlýnská,3004,13,
Kravaře,Kravaře,U Vody,3005,2,
Kravaře,Kravaře,U Vody,3006,3,
Kravaře,Kravaře,Nábření,3007,1,
Kravaře,Kravaře,Nábření,3008,83,
Kravaře,Kravaře,Mírová,3009,2,
Kravaře,Kravaře,Kostelní,3010,13,
Kravaře,Kravaře,Čeňka Trunčíka,3011,2,
Kravaře,Kravaře,Panská,3012,4,
Kravaře,Kravaře,Novodvorská,3013,10,
Kravaře,Kravaře,Komenského,3014,23,
Kravaře,Kravaře,Slámova,3015,16,
Kravaře,Kravaře,Nábření,3016,152,
Kravaře,Kravaře,Čeňka Trunčíka,3017,19,
Kravaře,Kravaře,Rohová,3018,2,
Kravaře,Kravaře,Mírová,3020,1,
Kravaře,Kravaře,Mírová,3021,3,
Kravaře,Kravaře,Mírová,3022,5,
Kravaře,Kravaře,Mírová,3023,7,
Kravaře,Kravaře,Mírová,3024,9,
Kravaře,Kravaře,Mírová,3025,11,
Kravaře,Kravaře,Mírová,3026,13,
Kravaře,Kravaře,Mírová,3027,15,
Kravaře,Kravaře,Mírová,3028,17,
Kravaře,Kravaře,Mírová,3029,19,
Kravaře,Kravaře,Mírová,3030,21,
Kravaře,Kravaře,Mírová,3031,25,
Kravaře,Kravaře,Mírová,3032,23,
Kravaře,Kravaře,Mírová,3033,27,
Kravaře,Kravaře,Mírová,3034,20,a
Kravaře,Kravaře,Nábření,3035,140,
Kravaře,Kravaře,Čeňka Trunčíka,3036,35,
Kravaře,Kravaře,Bőhmova,3037,20,
Kravaře,Kravaře,Nábření,3038,81,
Kravaře,Kravaře,Floriánská,3039,13,
Kravaře,Kravaře,Zahradní,3040,16,
Kravaře,Kravaře,Hraniční,3041,18,
Kravaře,Kravaře,Rohová,3042,15,
Kravaře,Kravaře,Bőhmova,3043,22,
Kravaře,Kravaře,Rohová,3044,19,
Kravaře,Kravaře,Březová,3045,5,
Kravaře,Kravaře,Polní,3046,6,
Kravaře,Kravaře,Kostelní,3047,31,
Kravaře,Kravaře,Kostelní,3048,29,
Kravaře,Kravaře,Kostelní,3049,27,
Kravaře,Kravaře,Kostelní,3051,23,
Kravaře,Kravaře,Kostelní,3052,21,
Kravaře,Kravaře,Kostelní,3053,19,
Kravaře,Kravaře,Kostelní,3054,17,
Kravaře,Kravaře,Cihelní,3055,22,
Kravaře,Kravaře,Kostelní,3056,4,
Kravaře,Kravaře,Kostelní,3057,6,
Kravaře,Kravaře,Kostelní,3058,8,
Kravaře,Kravaře,Kostelní,3059,10,
Kravaře,Kravaře,Kostelní,3060,12,
Kravaře,Kravaře,Kostelní,3061,14,
Kravaře,Kravaře,Kostelní,3062,16,
Kravaře,Kravaře,Kostelní,3063,18,
Kravaře,Kravaře,Kostelní,3064,20,
Kravaře,Kravaře,Kostelní,3065,22,
Kravaře,Kravaře,Osvobození,3066,5,
Kravaře,Kravaře,Rohová,3067,9,
Kravaře,Kravaře,Nábření,3068,7,
Kravaře,Kravaře,Mírová,3069,14,
Kravaře,Kravaře,Opavská,3070,43,a
Kravaře,Kravaře,těpánkovická,3071,2,a
Kravaře,Kravaře,Slámova,3072,1,
Kravaře,Kravaře,Bőhmova,3073,5,
Kravaře,Kravaře,Bezručova,3074,42,
Kravaře,Kravaře,Slámova,3075,3,a
Kravaře,Kravaře,Nádraní,3076,11,
Kravaře,Kravaře,Alejní,3077,18,a
Kravaře,Kravaře,Čeňka Trunčíka,3078,33,
Kravaře,Kravaře,Floriánská,3079,2,
Kravaře,Kravaře,Vyhlídalova,3080,28,
Kravaře,Kravaře,Nábření,3081,114,
Kravaře,Kravaře,Nábření,3082,26,
Kravaře,Kravaře,Poštovní,3083,14,
Kravaře,Kravaře,Nábření,3084,60,
Kravaře,Kravaře,těpánkovická,3085,30,
Kravaře,Kravaře,Bezručova,3086,16,a
Kravaře,Kravaře,Cihelní,3087,20,
Kravaře,Kravaře,Opavská,3088,37,
Kravaře,Kravaře,Bezručova,3089,48,
Kravaře,Kravaře,Opavská,3090,131,a
Kravaře,Kravaře,Bőhmova,3091,10,
Kravaře,Kravaře,Rohová,3092,11,
Kravaře,Kravaře,Opavská,3093,179,
Kravaře,Kravaře,Nábření,3094,148,
Kravaře,Kravaře,Čeňka Trunčíka,3095,37,
Kravaře,Kravaře,Nádraní,3096,9,
Kravaře,Kravaře,Opavská,3097,39,a
Kravaře,Kravaře,Slámova,3098,24,
Kravaře,Kravaře,Bezručova,3099,34,
Kravaře,Kravaře,Opavská,3100,30,
Kravaře,Kravaře,Lelkova,3101,29,
Kravaře,Kravaře,U Trati,3103,14,
Kravaře,Kravaře,Zahradní,3104,7,
Kravaře,Kravaře,Nábření,3105,135,
Kravaře,Kravaře,Zahradní,3106,13,a
Kravaře,Kravaře,Opavská,3107,127,a
Kravaře,Kravaře,U Trati,3108,12,
Kravaře,Kravaře,Polní,3109,14,
Kravaře,Kravaře,Bezručova,3110,49,a
Kravaře,Kravaře,U Trati,3111,6,
Kravaře,Kravaře,Travní,3112,8,
Kravaře,Kravaře,U Trati,3113,8,
Kravaře,Kravaře,Novodvorská,3114,56,
Kravaře,Kravaře,Panská,3115,11,
Kravaře,Kravaře,Hraniční,3116,10,
Kravaře,Kravaře,těpánkovická,3117,19,a
Kravaře,Kravaře,Rohová,3118,6,
Kravaře,Kravaře,Nábření,3119,47,a
Kravaře,Kravaře,Mlýnská,3120,2,a
Kravaře,Kravaře,Panská,3121,6,
Kravaře,Kravaře,U Trati,3122,16,
Kravaře,Kravaře,Náměstí,3123,23,
Kravaře,Kravaře,Luční,3124,23,
Kravaře,Kravaře,Opavská,3125,136,a
Kravaře,Kravaře,Opavská,3126,57,
Kravaře,Kravaře,Komenského,3127,31,
Kravaře,Kravaře,Lelkova,3128,27,
Kravaře,Kravaře,Nábření,3129,100,
Kravaře,Kravaře,U Trati,3130,2,
Kravaře,Kravaře,Hraniční,3131,22,
Kravaře,Kravaře,Tyršova,3132,2,a
Kravaře,Kravaře,Mlýnská,3133,12,a
Kravaře,Kravaře,Alejní,3134,28,
Kravaře,Kravaře,Cihelní,3135,34,
Kravaře,Kravaře,těpánkovická,3136,1,
Kravaře,Kravaře,Nábření,3137,96,
Kravaře,Kravaře,Náměstí,3138,32,
Kravaře,Kravaře,Náměstí,3139,2,a
Kravaře,Kravaře,U Trati,3140,3,
Kravaře,Kravaře,Hraniční,3141,14,
Kravaře,Kravaře,Nábření,3142,130,
Kravaře,Kravaře,Komenského,3143,32,
Kravaře,Kravaře,Novodvorská,3144,8,
Kravaře,Kravaře,U Trati,3145,4,
Kravaře,Kravaře,Panská,3146,3,a
Kravaře,Kravaře,Komenského,3147,34,
Kravaře,Kravaře,Lelkova,3148,44,
Kravaře,Kravaře,Bőhmova,3149,26,
Kravaře,Kravaře,Nábření,3150,16,a
Kravaře,Kravaře,Novodvorská,3151,17,a
Kravaře,Kravaře,Opavská,3152,119,a
Kravaře,Kravaře,Slámova,3153,6,
Kravaře,Kravaře,Novodvorská,3154,57,
Kravaře,Kravaře,Komenského,3155,15,
Kravaře,Kravaře,U Trati,3156,22,
Kravaře,Kravaře,Komenského,3157,42,
Kravaře,Kravaře,Lelkova,3158,50,
Kravaře,Kravaře,Lelkova,3159,9,a
Kravaře,Kravaře,U Trati,3160,20,
Kravaře,Kravaře,U Trati,3161,24,
Kravaře,Kravaře,Lelkova,3162,40,
Kravaře,Kravaře,Lelkova,3163,42,
Kravaře,Kravaře,Komenského,3164,28,
Kravaře,Kravaře,Petra z Kravař,3165,9,
Kravaře,Kravaře,Lelkova,3166,46,
Kravaře,Kravaře,Komenského,3167,26,
Kravaře,Kravaře,Opavská,3168,41,a
Kravaře,Kravaře,Komenského,3169,24,
Kravaře,Kravaře,Novodvorská,3170,59,
Kravaře,Kravaře,Slámova,3171,21,a
Kravaře,Kravaře,Rohová,3172,17,
Kravaře,Kravaře,Opavská,3173,99,a
Kravaře,Kravaře,U Trati,3174,10,
Kravaře,Kravaře,Čeňka Trunčíka,3175,6,
Kravaře,Kravaře,Březová,3176,8,a
Kravaře,Kravaře,Nábření,3177,124,
Kravaře,Kravaře,U Trati,3178,18,
Kravaře,Kravaře,Novodvorská,3179,88,
Kravaře,Kravaře,těpánkovická,3180,26,
Kravaře,Kravaře,Mlýnská,3181,1,a
Kravaře,Kravaře,Poštovní,3182,6,a
Kravaře,Kravaře,Březová,3183,13,
Kravaře,Kravaře,Polní,3184,15,
Kravaře,Kravaře,Komenského,3185,57,
Kravaře,Kravaře,Čemenka,3186,15,
Kravaře,Kravaře,Slámova,3187,5,
Kravaře,Kravaře,Cihelní,3188,42,
Kravaře,Kravaře,Novodvorská,3189,17,
Kravaře,Kravaře,Novodvorská,3190,32,
Kravaře,Kravaře,Opavská,3191,154,
Kravaře,Kravaře,Komenského,3192,30,
Kravaře,Kravaře,Nábření,3193,69,
Kravaře,Kravaře,Komenského,3194,13,
Kravaře,Kravaře,Travní,3195,2,
Kravaře,Kravaře,Lelkova,3196,10,a
Kravaře,Kravaře,Bezručova,3197,46,a
Kravaře,Kravaře,Novodvorská,3198,92,
Kravaře,Kravaře,Opavská,3200,70,a
Kravaře,Kravaře,Luční,3201,6,
Kravaře,Kravaře,Novodvorská,3202,80,
Kravaře,Kravaře,Opavská,3203,92,a
Kravaře,Kravaře,Novodvorská,3204,84,
Kravaře,Kravaře,Novodvorská,3205,86,
Kravaře,Kravaře,Nádraní,3206,9,a
Kravaře,Kravaře,Lelkova,3207,12,a
Kravaře,Kravaře,Opavská,3208,83,
Kravaře,Kravaře,Novodvorská,3209,70,a
Kravaře,Kravaře,Opavská,3210,86,
Kravaře,Kravaře,Mírová,3211,12,
Kravaře,Kravaře,Opavská,3212,64,a
Kravaře,Kravaře,Čeňka Trunčíka,3213,4,
Kravaře,Kravaře,Lelkova,3214,52,
Kravaře,Kravaře,Novodvorská,3215,54,a
Kravaře,Kravaře,Nábření,3216,70,
Kravaře,Kravaře,Lelkova,3217,24,
Kravaře,Kravaře,Lelkova,3218,20,
Kravaře,Kravaře,Floriánská,3219,8,
Kravaře,Kravaře,Komenského,3220,38,
Kravaře,Kravaře,Opavská,3221,93,
Kravaře,Kravaře,Novodvorská,3222,53,
Kravaře,Kravaře,Novodvorská,3223,3,a
Kravaře,Kravaře,Lelkova,3224,54,
Kravaře,Kravaře,Slámova,3225,25,
Kravaře,Kravaře,Slámova,3226,13,
Kravaře,Kravaře,Lelkova,3227,56,
Kravaře,Kravaře,Nábření,3228,30,
Kravaře,Kravaře,Novodvorská,3229,42,
Kravaře,Kravaře,Lelkova,3230,22,
Kravaře,Kravaře,Nábření,3231,101,
Kravaře,Kravaře,Opavská,3232,90,a
Kravaře,Kravaře,Polní,3233,19,
Kravaře,Kravaře,Novodvorská,3234,82,
Kravaře,Kravaře,Cihelní,3235,10,
Kravaře,Kravaře,Floriánská,3236,7,
Kravaře,Kravaře,Luční,3237,7,
Kravaře,Kravaře,Nábření,3238,128,
Kravaře,Kravaře,Novodvorská,3239,25,a
Kravaře,Kravaře,Nábření,3240,143,
Kravaře,Kravaře,Novodvorská,3241,72,a
Kravaře,Kravaře,Lelkova,3242,32,a
Kravaře,Kravaře,Bezručova,3243,26,a
Kravaře,Kravaře,těpánkovická,3244,7,
Kravaře,Kravaře,Nábření,3245,10,
Kravaře,Kravaře,Novodvorská,3246,90,
Kravaře,Kravaře,Polní,3247,1,
Kravaře,Kravaře,Čemenka,3248,1,a
Kravaře,Kravaře,Polní,3249,2,a
Kravaře,Kravaře,U Vody,3250,5,
Kravaře,Kravaře,Floriánská,3251,9,
Kravaře,Kravaře,Novodvorská,3252,78,
Kravaře,Kravaře,Slepá,3253,1,a
Kravaře,Kravaře,Březová,3254,11,
Kravaře,Kravaře,Potočná,3255,2,b
Kravaře,Kravaře,Bezručova,3256,27,
Kravaře,Kravaře,Bezručova,3257,41,a
Kravaře,Kravaře,Cihelní,3258,1,
Kravaře,Kravaře,Alejní,3259,3,a
Kravaře,Kravaře,Nábření,3260,111,
Kravaře,Kravaře,Potočná,3261,2,a
Kravaře,Kravaře,Bezručova,3262,33,a
Kravaře,Kravaře,Opavská,3263,94,a
Kravaře,Kravaře,Opavská,3264,8,a
Kravaře,Kravaře,těpánkovická,3265,7,a
Kravaře,Kravaře,Hraniční,3266,20,a
Kravaře,Kravaře,Lelkova,3267,26,a
Kravaře,Kravaře,Nábření,3268,112,
Kravaře,Kravaře,Poštovní,3269,1,a
Kravaře,Kravaře,Krátká,3270,50,a
Kravaře,Kravaře,Polní,3271,13,
Kravaře,Kravaře,Březová,3272,8,
Kravaře,Kravaře,Kostelní,3273,1,a
Kravaře,Kravaře,Bezručova,3275,82,a
Kravaře,Kravaře,Luční,3276,14,
Kravaře,Kravaře,U Náhonu,3277,5,
Kravaře,Kravaře,Novodvorská,3278,45,a
Kravaře,Kravaře,Opavská,3279,100,a
Kravaře,Kravaře,Březová,3280,10,
Kravaře,Kravaře,Luční,3281,12,
Kravaře,Kravaře,Opavská,3282,87,a
Kravaře,Kravaře,Březová,3283,15,
Kravaře,Kravaře,Nádraní,3284,12,a
Kravaře,Kravaře,těpánkovická,3285,1,a
Kravaře,Kravaře,Březová,3286,10,a
Kravaře,Kravaře,Zahradní,3287,27,
Kravaře,Kravaře,Lelkova,3288,4,a
Kravaře,Kravaře,Opavská,3289,44,a
Kravaře,Kravaře,Nábření,3290,50,
Kravaře,Kravaře,Opavská,3291,34,a
Kravaře,Kravaře,Opavská,3292,72,a
Kravaře,Kravaře,Čeňka Trunčíka,3293,7,a
Kravaře,Kravaře,Tyršova,3294,12,
Kravaře,Kravaře,Luční,3295,27,
Kravaře,Kravaře,Lelkova,3296,43,a
Kravaře,Kravaře,Opavská,3298,31,a
Kravaře,Kravaře,Novodvorská,3299,36,a
Kravaře,Kravaře,Novodvorská,3300,62,a
Kravaře,Kravaře,Nábření,3301,85,a
Kravaře,Kravaře,Travní,3302,4,a
Kravaře,Kravaře,Kolofíkova,134,2,
Kravaře,Kravaře,Kolofíkova,135,18,
Kravaře,Kravaře,Kolofíkova,136,20,
Kravaře,Kravaře,Kolofíkova,137,22,
Kravaře,Kravaře,Kolofíkova,138,24,
Kravaře,Kravaře,Kolofíkova,139,26,
Kravaře,Kravaře,Kolofíkova,142,10,
Kravaře,Kravaře,Kolofíkova,143,8,
Kravaře,Kravaře,Kolofíkova,144,16,
Kravaře,Kravaře,Kolofíkova,146,5,
Kravaře,Kravaře,Kolofíkova,147,3,
Kravaře,Kravaře,Kolofíkova,149,7,
Kravaře,Kravaře,Kolofíkova,150,9,
Kravaře,Kravaře,Kolofíkova,152,13,
Kravaře,Kravaře,Kolofíkova,154,15,
Kravaře,Kravaře,Kolofíkova,155,17,
Kravaře,Kravaře,Kolofíkova,156,23,
Kravaře,Kravaře,Kolofíkova,157,25,
Kravaře,Kravaře,Kolofíkova,160,1,
Kravaře,Kouty,Kaluova,315,,
Kravaře,Kravaře,Kolofíkova,659,19,
Kravaře,Kravaře,Kolofíkova,673,21,
Kravaře,Kravaře,Kolofíkova,718,27,
Kravaře,Kravaře,Kolofíkova,849,5,a
Kravaře,Kravaře,Kolofíkova,939,28,
Kravaře,Kravaře,Kolofíkova,980,11,
Kravaře,Kravaře,Kolofíkova,3199,6,a
Kravaře,Kravaře,Kolofíkova,3274,12,
Kravaře,Kravaře,Opavská,3303,38,b
Kravaře,Dvořisko,Ivana Kubince,1,22,
Kravaře,Kravaře,Mlýnská,3304,1,b
Kravaře,Kouty,Bolatická,2045,39,
Kravaře,Kouty,Kostelní,2046,28,h
Kravaře,Kouty,Kostelní,2047,81,b
Kravaře,Kouty,Východní,2048,8,
Kravaře,Kouty,Hlučínská,2049,185,a
Kravaře,Kouty,Sluneční,2050,6,
Kravaře,Kravaře,Luční,3307,8,
Kravaře,Kouty,Olšinky,2051,19,
Kravaře,Kouty,Severní,2052,8,
Kravaře,Kouty,Hlučínská,2053,140,a
Kravaře,Kravaře,Polní,3308,4,
Kravaře,Kravaře,Luční,3309,2,
Kravaře,Kravaře,Opavská,3306,59,
Kravaře,Kouty,Záhumenní,2054,7,
Kravaře,Kravaře,Lelkova,3310,17,
Kravaře,Kouty,Olšinky,2055,19,a
Kravaře,Dvořisko,Ivana Kubince,1602,48,
Kravaře,Kravaře,Mírová,3311,30,
Kravaře,Kravaře,Opavská,3313,140,a
Kravaře,Kravaře,Opavská,3321,80,b
Kravaře,Kravaře,Opavská,3305,53,
Kravaře,Kravaře,těpánkovická,3322,5,
Kravaře,Kouty,Kostelní,2057,81,c
Kravaře,Kouty,Hlučínská,2058,199,a
Kravaře,Kravaře,Březová,3324,10,b
Kravaře,Kouty,Nová,2059,3,
Kravaře,Kravaře,Opavská,3325,29,
Kravaře,Kravaře,Čeňka Trunčíka,3326,16,a
Kravaře,Kravaře,Mlýnská,307,18,
Kravaře,Kravaře,Náměstí,3328,31,a
Kravaře,Kravaře,Vyhlídalova,3327,33,
Kravaře,Kravaře,Hanůvka,3329,4,
Kravaře,Kravaře,Kostelní,3330,2,
Kravaře,Kravaře,Novodvorská,3331,67,a
Kravaře,Kravaře,Novodvorská,3332,71,
Kravaře,Kouty,Kostelní,312,56,
Kravaře,Kouty,Kostelní,2060,48,
Kravaře,Kravaře,Březová,3336,13,a
Kravaře,Kouty,Severní,2065,4,a
Kravaře,Kouty,Záhumenní,2066,38,
Kravaře,Kouty,Záhumenní,2068,69,
Kravaře,Kravaře,Kostelní,3342,25,
Kravaře,Kouty,Kostelní,2070,54,
Kravaře,Kravaře,Zahradní,3343,4,
Kravaře,Kravaře,Opavská,3339,80,a
Kravaře,Kravaře,Kostelní,3314,2,c
Kravaře,Kravaře,Čeňka Trunčíka,3346,11,
Kravaře,Kravaře,Cihelní,3337,20,a
Kravaře,Kouty,Dlaební,2069,7,
Kravaře,Kouty,Kostelní,2071,28,e
Kravaře,Kravaře,Nábření,3341,11,
Kravaře,Kravaře,Zahradní,3345,5,a
Kravaře,Kouty,Severní,2073,10,
Kravaře,Kouty,Skřivančí,2072,143,c
Kravaře,Kouty,Kostelní,2061,28,a
Kravaře,Kravaře,Novodvorská,3347,57,a
Kravaře,Kouty,Severní,2062,6,
Kravaře,Kouty,Severní,2064,4,
Kravaře,Kravaře,Lelkova,3348,36,a
Kravaře,Kravaře,Novodvorská,3349,65,a
Kravaře,Kravaře,Komenského,3350,21,a
Kravaře,Kravaře,Novodvorská,3351,65,b
Kravaře,Kravaře,Březová,3353,10,c
Kravaře,Kravaře,Luční,3355,10,
Kravaře,Kravaře,Kostelní,3315,2,a
Kravaře,Dvořisko,Ludmily Hořké,1603,,
Kravaře,Kravaře,Kostelní,3316,2,d
Kravaře,Kravaře,Kostelní,3317,2,e
Kravaře,Kravaře,Náměstí,3333,35,a
Kravaře,Kravaře,Tyršova,3334,5,
Kravaře,Kouty,Severní,2063,6,a
Kravaře,Kouty,,2056,,
Kravaře,Kouty,Olšinky,2074,1,
Kravaře,Kravaře,Březová,3357,18,
Kravaře,Kouty,Kostelní,2076,50,
Kravaře,Kravaře,Březová,3358,14,
Kravaře,Kravaře,Nádraní,3359,3,
Kravaře,Kravaře,těpánkovická,3356,27,
Kravaře,Kouty,Kostelní,2075,28,b
Kravaře,Kravaře,Tyršova,3340,5,a
Kravaře,Kravaře,Opavská,3319,45,b
Kravaře,Kravaře,Kostelní,3318,2,f
Kravaře,Kravaře,Nábření,3360,138,
Kravaře,Kravaře,Cihelní,3361,47,
Kravaře,Kravaře,Lelkova,3362,20,a
Kravaře,Kravaře,těpánkovická,3363,32,
Kravaře,Kravaře,Nábření,3364,147,
Kravaře,Kouty,Hlučínská,2077,3,
Kravaře,Kravaře,Březová,3366,26,
Kravaře,Kravaře,Nábření,3365,98,
Kravaře,Kravaře,Nábření,3368,118,
Kravaře,Kouty,Bolatická,2078,17,
Kravaře,Kouty,Záhumenní,2080,51,a
Kravaře,Kravaře,Březová,3369,8,b
Kravaře,Kravaře,Komenského,3370,1,a
Kravaře,Kravaře,Březová,3372,22,
Kravaře,Kravaře,Bezručova,3371,38,
Kravaře,Kouty,Sadová,2081,4,
Kravaře,Kouty,Hlučínská,2082,87,
Kravaře,Kravaře,Opavská,3344,16,
Kravaře,Kravaře,těpánkovická,3354,25,
Kravaře,Kravaře,Nábření,3373,145,
Kravaře,Kravaře,Novodvorská,3374,52,a
Kravaře,Kravaře,Nábření,3375,146,
Kravaře,Kravaře,Tyršova,3019,3,a
Kravaře,Dvořisko,Na Dolinkách,1556,1,
Kravaře,Kravaře,Bezručova,590,,
Kravaře,Kravaře,Bezručova,3367,106,
Kravaře,Kouty,Hlučínská,2079,214,
Kravaře,Kravaře,Opavská,3320,128,
Kravaře,Kouty,Hraniční,2083,5,
Kravaře,Kouty,Hlučínská,2084,211,a
Kravaře,Kravaře,Mlýnská,3377,23,a
Kravaře,Kravaře,Čeňka Trunčíka,3379,2,a
Kravaře,Kravaře,Čeňka Trunčíka,3378,29,a
Kravaře,Kouty,Drustevní,2086,10,
Kravaře,Kouty,Sluneční,2087,1,a
Kravaře,Kravaře,Nádraní,3380,13,
Kravaře,Kravaře,Opavská,3376,66,a
Kravaře,Kouty,Pavla Richtera,2088,1,
Kravaře,Kravaře,Nábření,3382,128,a
Kravaře,Kouty,Záhumenní,2089,27,
Kravaře,Kouty,Kostelní,2090,53,c
Kravaře,Kravaře,Cihelní,3383,49,
Kravaře,Kouty,Záhumenní,2091,11,
Kravaře,Kouty,Kostelní,2092,28,c
Kravaře,Kouty,Hlučínská,2093,69,a
Kravaře,Kravaře,Novodvorská,3384,94,
Kravaře,Kravaře,těpánkovická,3338,,
Kravaře,Kravaře,Bezručova,3385,46,
Kravaře,Kravaře,Tyršova,3386,14,
Kravaře,Kravaře,Opavská,3387,59,a
Kravaře,Kravaře,Tyršova,3388,5,b
Kravaře,Kravaře,Lelkova,3389,58,
Kravaře,Kravaře,Vyhlídalova,3390,22,
Kravaře,Kouty,Bolatická,436,21,
Kravaře,Kravaře,Čeňka Trunčíka,3391,21,
Kravaře,Kouty,Hlučínská,2094,265,a
Kravaře,Kouty,Hlučínská,2085,205,
Kravaře,Kravaře,Slepá,3392,8,
Kravaře,Kouty,Hlučínská,2096,1,a
Kravaře,Kouty,Kostelní,2095,95,
Kravaře,Kouty,Nová,2097,2,
Kravaře,Kravaře,těpánkovická,3393,4,
Kravaře,Kravaře,Mírová,3394,29,
Kravaře,Kouty,Skřivančí,2098,147,
Kravaře,Kouty,Kostelní,2099,53,a
Kravaře,Kravaře,Opavská,3395,52,a
Kravaře,Kouty,Olšinky,2100,4,
Kravaře,Kravaře,Bezručova,3396,47,
Kravaře,Kouty,Dlaební,2101,11,
Kravaře,Kouty,Dlaební,2101,11,a
Kravaře,Kouty,Kostelní,2102,53,d
Kravaře,Kravaře,U Hranic,3397,1,
Kravaře,Kravaře,Nábření,3399,118,a
Kravaře,Kravaře,Travní,3400,3,
Kravaře,Kravaře,Alejní,3398,26,
Kravaře,Kravaře,Lelkova,3401,49,
Kravaře,Kouty,Dlaební,2104,14,
Kravaře,Kravaře,Opavská,3402,59,b
Kravaře,Kravaře,U Hranic,3403,2,
Kravaře,Kouty,Kostelní,2105,53,b
Kravaře,Kravaře,Mlýnská,3404,9,a
Kravaře,Kouty,Kostelní,2106,109,
Kravaře,Kravaře,Opavská,3405,120,
Kravaře,Kravaře,U Hranic,3406,15,
Kravaře,Kravaře,Bezručova,3407,72,
Kravaře,Kravaře,U Hranic,3408,8,
Kravaře,Kouty,Dlaební,2107,13,
Kravaře,Kouty,Východní,2108,6,
Kravaře,Kravaře,těpánkovická,3410,9,
Kravaře,Kouty,Záhumenní,2109,28,
Kravaře,Kravaře,U Hranic,3411,17,
Kravaře,Kravaře,Floriánská,3412,3,
Kravaře,Kouty,Kostelní,2110,60,
Kravaře,Kravaře,Lelkova,3413,38,c
Kravaře,Kravaře,Opavská,3414,88,b
Kravaře,Kouty,Olšinky,2111,19,b
Kravaře,Kouty,kolní,2112,27,
Kravaře,Kouty,Pavla Richtera,2113,2,
Kravaře,Kouty,Sadová,2114,3,a
Kravaře,Kouty,Sluneční,2115,1,b
Kravaře,Kouty,Sportovní,2116,5,
Kravaře,Kravaře,Cihelní,3415,29,
Kravaře,Kravaře,U Hranic,3417,3,
Kravaře,Kouty,Záhumenní,2117,53,
Kravaře,Kravaře,Opavská,3409,133,a
Kravaře,Kravaře,Luční,3416,4,
Kravaře,Kravaře,Mlýnská,3418,27,
Kravaře,Kouty,Kostelní,2118,111,
Kravaře,Kravaře,Lelkova,3419,20,b
Kravaře,Kravaře,Nábření,3420,141,
Kravaře,Kravaře,Opavská,3421,189,a
Kravaře,Kravaře,Kolofíkova,3423,23,a
Kravaře,Kravaře,Slezská,3424,13,
Kravaře,Kravaře,U Hranic,3425,9,
Kravaře,Kravaře,Slezská,3426,10,
Kravaře,Kravaře,Slezská,3427,21,
Kravaře,Kravaře,Opavská,3428,88,c
Kravaře,Kravaře,Bezručova,3422,63,
Kravaře,Kouty,Hlučínská,2119,170,
Kravaře,Kouty,Dlaební,2120,8,
Kravaře,Kravaře,Kostelní,3429,2,h
Kravaře,Kouty,Skřivančí,2121,145,a
Kravaře,Kravaře,Slezská,3430,12,
Kravaře,Dvořisko,Příčná,1604,3,
Kravaře,Kouty,Skřivančí,2122,145,b
Kravaře,Kravaře,Opavská,3431,102,
Kravaře,Kravaře,Opavská,3432,197,
Kravaře,Dvořisko,Ivana Kubince,1605,27,a
Kravaře,Kravaře,Tyršova,3433,5,c
Kravaře,Kravaře,Cihelní,3434,41,
Kravaře,Kravaře,U Hranic,3435,7,
Kravaře,Kravaře,Nábření,3436,87,a
Kravaře,Kravaře,Březová,3437,20,
Kravaře,Kouty,Hlučínská,2123,26,a
Kravaře,Kravaře,U Hranic,3438,12,
Kravaře,Dvořisko,Ludmily Hořké,1606,1,a
Kravaře,Kouty,Kostelní,2124,105,
